/*
	DATABASE: CINEBOOST - PRO1041 - IT17101 - NHOM 3
	NGAY UPDATE: 20/03/2022
	NGAY TAO: 17/03/2022
*/
--TAO DATABASE
CREATE DATABASE CINEBOOST_FIX_2
GO

USE CINEBOOST_FIX_2
GO

-- CREATE TABLE NhanVien
CREATE TABLE NHANVIEN 
(
	ID_NV NVARCHAR(10) PRIMARY KEY, --QL00001 - NV00001
	HOTEN NVARCHAR(50),
	NGAYSINH DATE, 
	GIOITINH BIT,
	SODT NVARCHAR(15),
	EMAIL NVARCHAR(50) UNIQUE NOT NULL,
	TENTK NVARCHAR(30) UNIQUE NOT NULL, -- TU 6 DEN 15
	MATKHAU NVARCHAR(15), --6 DEN 10 KI TU
	ANH nvarchar(100),
	VAITRO BIT
)
GO

--CREATE TABLE ThanhVien
CREATE TABLE THANHVIEN
(
	ID_TV NVARCHAR(16) PRIMARY KEY, --TV00001
	HOTEN NVARCHAR(50),
	NGAYSINH DATE,
	GIOITINH BIT,
	SODT NVARCHAR(15),
	EMAIL NVARCHAR(50)
)
GO

--CREATE TABLE LoaiDoAn
CREATE TABLE LOAIDOAN
(
	ID NVARCHAR(4) PRIMARY KEY, --TA OR DU
	TEN NVARCHAR(100)
)
GO

--CREATE TABLE KICHCO
CREATE TABLE KICHCO
(
	ID NCHAR(1) PRIMARY KEY --(S,M,L)
)
GO

--CREATE TABLE DOAN

CREATE TABLE DOAN
(
	ID_DOAN NVARCHAR(16) PRIMARY KEY, --TA00001 OR DU
	TEN NVARCHAR(100),
	ID_LOAI NVARCHAR(4),
	CONSTRAINT FK_DOAN_LOAI FOREIGN KEY (ID_LOAI) REFERENCES LOAIDOAN(ID) ON DELETE NO ACTION ON UPDATE CASCADE
	
)
GO

--CREATE TABLE KICHCODOAN
CREATE TABLE KICHCODOAN
(
	ID_KCDA INT IDENTITY(1,1) PRIMARY KEY,
	ID_DOAN NVARCHAR(16) NOT NULL,
	ID_KICHCO NCHAR(1) NOT NULL,
	GIA DECIMAL(6,2) NOT NULL,
	CONSTRAINT FK_KICHCO_DOAN FOREIGN KEY (ID_DOAN) REFERENCES 
		DOAN(ID_DOAN) ON DELETE NO ACTION ON UPDATE CASCADE,
	CONSTRAINT FK_KC_KCDA FOREIGN KEY (ID_KICHCO) REFERENCES KICHCO(ID) ON DELETE NO ACTION ON UPDATE CASCADE,
)
GO


--CREATE TABLE DONDOAN
CREATE TABLE DONDOAN
(
	ID_DONDA NVARCHAR(20) PRIMARY KEY, --DA00001
)
GO

--CREATE TABLE DOANCT
CREATE TABLE DOANCT
(
	ID_DOANCT INT IDENTITY(1,1) PRIMARY KEY,
	ID_KCDA INT NOT NULL,
	ID_DONDA NVARCHAR(20),
	SOLUONG INT NOT NULL,
	CONSTRAINT FK_CT_KCDA FOREIGN KEY (ID_KCDA)  REFERENCES KICHCODOAN(ID_KCDA) ON DELETE NO ACTION ON UPDATE CASCADE,
	CONSTRAINT FK_CT_DONDA FOREIGN KEY (ID_DONDA)  REFERENCES DONDOAN(ID_DONDA)  ON DELETE CASCADE ON UPDATE CASCADE
)
GO

--CREATE TABLE PHIM
CREATE TABLE PHIM
(
	ID_PHIM NVARCHAR(15) PRIMARY KEY, --FI00001
	TEN NVARCHAR(255),
	POSTER NVARCHAR(100),
	THOILUONG SMALLINT, 
	THELOAI NVARCHAR(50),
	NGONNGU NVARCHAR(20),
	NGAY_KC DATE,
	TOMTAT NVARCHAR(MAX),
	TRANGTHAI BIT,
	ID_NV NVARCHAR(10),
	CONSTRAINT FK_PHIM_NV FOREIGN KEY (ID_NV) REFERENCES NHANVIEN(ID_NV) ON UPDATE CASCADE

)
GO


-- PHONG DAY: 5 COT: 12
--CREATE TABLE PHONGCHIEU
CREATE TABLE PHONGCHIEU
(
	ID_PHONG NCHAR(4) PRIMARY KEY, --P001
	SOLUONGDAY INT NOT NULL,
	SOLUONGCOT INT NOT NULL
)
GO


--CREATE TABLE SUATCHIEU
CREATE TABLE SUATCHIEU
(
	ID_SUAT NVARCHAR(30) PRIMARY KEY, --SC00001
	NGAYCHIEU DATE NOT NULL,
	ID_PHONG NCHAR(4) NOT NULL,
	ID_PHIM NVARCHAR(15) NOT NULL,
	GIOBATDAU TIME NOT NULL,
	GIOKETTHUC TIME NOT NULL,
	ID_NV NVARCHAR(10),
	CONSTRAINT FK_SC_PHONG FOREIGN KEY (ID_PHONG) REFERENCES PHONGCHIEU(ID_PHONG) ON DELETE NO ACTION ON UPDATE CASCADE,
	CONSTRAINT FK_SC_PHIM FOREIGN KEY (ID_PHIM) REFERENCES PHIM(ID_PHIM) ON DELETE CASCADE ON UPDATE CASCADE ,
	CONSTRAINT FK_SC_NV FOREIGN KEY (ID_NV) REFERENCES NHANVIEN(ID_NV)  on delete set null
)
GO


--CREATE TABLE LOAIGHE
CREATE TABLE LOAIGHE
(
	ID_LOAIGHE NCHAR(2) PRIMARY KEY, --TH OR VP
	PHUTHU TINYINT NOT NULL,
	TENLOAI NVARCHAR(30) NOT NULL 
)
GO


--CREATE TABLE GHE
CREATE TABLE GHE
(
	ID_GHE NVARCHAR(12) PRIMARY KEY, --GS01A01 -- Tien to GS + SO PHONG + KI TU DAY + KI TU COT
	VITRIDAY TINYINT NOT NULL,
	VITRICOT TINYINT NOT NULL,
	ID_PHONGCHIEU NCHAR(4) NOT NULL,
	ID_LOAIGHE NCHAR(2) NOT NULL,
	CONSTRAINT FK_GHE_PHONG FOREIGN KEY (ID_PHONGCHIEU) REFERENCES PHONGCHIEU (ID_PHONG) ON DELETE CASCADE ON UPDATE CASCADE,
	CONSTRAINT FK_GHE_LOAI FOREIGN KEY (ID_LOAIGHE) REFERENCES LOAIGHE (ID_LOAIGHE) ON DELETE NO ACTION ON UPDATE CASCADE
)
GO


--CREATE TABLE LOAIVE
CREATE TABLE LOAIVE
(
	ID_LOAIVE NCHAR(2) PRIMARY KEY, --TE OR NL
	TEN NVARCHAR(30),
	GIA DECIMAL(6,2)
)
GO


--CREATE TABLE DONVE
CREATE TABLE DONVE
(
	ID_DONVE NVARCHAR(20) PRIMARY KEY, --DV00001
)
GO


--CREATE TABLE VEDAT
CREATE TABLE VEDAT
(
	ID_VEDAT INT IDENTITY(1,1) PRIMARY KEY,
	ID_LOAIVE NCHAR(2) NOT NULL,
	ID_GHE NVARCHAR(12) NOT NULL,
	ID_DONVE NVARCHAR(20) NOT NULL,
	ID_SUAT NVARCHAR(30) NOT NULL,
	CONSTRAINT FK_VEDAT_LOAIVE FOREIGN KEY (ID_LOAIVE) REFERENCES LOAIVE (ID_LOAIVE) ON DELETE NO ACTION ON UPDATE CASCADE,
	CONSTRAINT FK_VEDAT_GHE FOREIGN KEY (ID_GHE) REFERENCES GHE (ID_GHE) ON DELETE CASCADE ON UPDATE CASCADE,
	CONSTRAINT FK_VEDAT_DONDATVE FOREIGN KEY (ID_DONVE) REFERENCES DONVE (ID_DONVE) ON DELETE CASCADE ON UPDATE CASCADE,
	CONSTRAINT FK_VEDAT_SUAT FOREIGN KEY (ID_SUAT) REFERENCES SUATCHIEU (ID_SUAT) ON DELETE CASCADE,  --need delete ON DELETE CASCADE
	CONSTRAINT  U_G_S UNIQUE(ID_GHE, ID_SUAT)
)
GO

-----------------------------------------

--CREATE TABLE DONTHANHTOAN
CREATE TABLE DONTHANHTOAN
(
	ID_DONTT INT IDENTITY(1,1) PRIMARY KEY,
	ID_DONDA NVARCHAR(20),
	ID_TV NVARCHAR(16),
	ID_NV NVARCHAR(10) NOT NULL,
	ID_DONVE NVARCHAR(20),
	NGAYDAT DATETIME NOT NULL,
	TONG DECIMAL(9,3),
	CONSTRAINT FK_DON_NV FOREIGN KEY (ID_NV) REFERENCES NHANVIEN(ID_NV) ON DELETE NO ACTION ON UPDATE CASCADE,
	CONSTRAINT FK_DON_TV FOREIGN KEY (ID_TV) REFERENCES THANHVIEN (ID_TV)  ON DELETE NO ACTION ON UPDATE CASCADE,
	CONSTRAINT FK_DON_DA FOREIGN KEY (ID_DONDA) REFERENCES DONDOAN (ID_DONDA) ON DELETE NO ACTION ON UPDATE CASCADE,
	CONSTRAINT FK_DON_VE FOREIGN KEY (ID_DONVE) REFERENCES DONVE (ID_DONVE) ON DELETE NO ACTION ON UPDATE CASCADE
) 
GO
---------------------------------------------


--CREATE TRIGGER FOR NHANVIEN
-------------------------
-- create trigger before insert
if(OBJECT_ID('tg_nv')) is not null
	drop trigger tg_nv
go
create trigger tg_nv on NHANVIEN
INSTEAD OF INSERT 
AS BEGIN
	SET NOCOUNT ON;
	DECLARE @HOTEN NVARCHAR(50) = (SELECT HOTEN FROM inserted)
	DECLARE @NGAYSINH DATE =(SELECT NGAYSINH FROM inserted)
	DECLARE @GIOITINH BIT = (SELECT GIOITINH FROM inserted)
	DECLARE @SODT NVARCHAR(15) = (SELECT SODT FROM inserted)
	DECLARE @EMAIL NVARCHAR(50) = (SELECT EMAIL FROM INSERTED)
	DECLARE @TENTK NVARCHAR(30) = (SELECT TENTK FROM INSERTED)
	DECLARE @MATKHAU NVARCHAR(15) = (SELECT MATKHAU FROM INSERTED)
	DECLARE @VT BIT = (SELECT VAITRO FROM INSERTED)
	DECLARE @ANH NVARCHAR(100) = (SELECT ANH FROM inserted)
	--SO ID GAN NHAT DUOC THEM VAO TRONG BANG
	DECLARE @PRE_ID NVARCHAR(16) = (SELECT TOP 1 CAST(REPLACE(ID_NV,left(ID_NV,2),'') AS INT)  IDN FROM NHANVIEN WHERE VAITRO LIKE @VT ORDER BY IDN DESC)
	DECLARE @NEXT INT

	-- NEU LA RECORD DAU TIEN SO LA 1 HOAC @PRE_ID + 1
	IF(@PRE_ID IS NULL) SET @NEXT = 1 
	ELSE SET @NEXT = @PRE_ID + 1 
	-- TAO ID TU TANG CHO HANG CHUAN BI THEM
	DECLARE @CUR_ID NVARCHAR(16) = CASE WHEN @VT = 1 THEN ('QL' + RIGHT('0000'+CONVERT(NVARCHAR(10),@NEXT),5)) 
										WHEN @VT = 0 THEN ('NV'+ RIGHT('0000'+CONVERT(NVARCHAR(10),@NEXT),5)) END

	-- INSERT														
	INSERT INTO NHANVIEN VALUES(@CUR_ID, @HOTEN, @NGAYSINH, @GIOITINH, @SODT, @EMAIL,@TENTK,@MATKHAU,@ANH,@VT)

END
GO

-- create trigger before insert thanhvien
if(OBJECT_ID('tg_tv')) is not null
	drop trigger tg_tv
go

CREATE TRIGGER tg_tv ON THANHVIEN
INSTEAD OF INSERT
AS BEGIN
	SET NOCOUNT ON
	DECLARE @HOTEN NVARCHAR(50) = (SELECT HOTEN FROM inserted)
	DECLARE @NGAYSINH DATE =(SELECT NGAYSINH FROM inserted)
	DECLARE @GIOITINH BIT = (SELECT GIOITINH FROM inserted)
	DECLARE @SODT NVARCHAR(15) = (SELECT SODT FROM inserted)
	DECLARE @EMAIL NVARCHAR(50) = (SELECT EMAIL FROM INSERTED)

	--SO ID GAN NHAT DUOC THEM VAO TRONG BANG
	DECLARE @PRE_ID NVARCHAR(16) = (SELECT TOP 1 CAST(REPLACE(ID_TV,left(ID_TV,2),'') AS INT)  IDN FROM THANHVIEN ORDER BY IDN DESC)
	DECLARE @NEXT INT

	-- NEU LA RECORD DAU TIEN SO LA 1 HOAC @PRE_ID + 1
	IF(@PRE_ID IS NULL) SET @NEXT = 1 
	ELSE SET @NEXT = @PRE_ID + 1

	--TAO ID TU TANG CHO HANG CHUAN BI THEM 
	 DECLARE @CUR_ID NVARCHAR(16) = ('TV' + RIGHT('00000'+CAST((@NEXT) AS NVARCHAR(5)),5))

	 	 --INSERT
	  INSERT INTO THANHVIEN VALUES(@CUR_ID,@HOTEN,@NGAYSINH,@GIOITINH,@SODT,@EMAIL)

END 
GO


-- create trigger before insert phong chieu
if(OBJECT_ID('tg_pc')) is not null
	drop trigger tg_pc
go

create trigger tg_pc on PHONGCHIEU
INSTEAD OF  INSERT
AS BEGIN
	SET NOCOUNT ON
	DECLARE @DAY INT = (SELECT SOLUONGDAY FROM inserted)
	DECLARE @COT INT = (SELECT SOLUONGCOT FROM inserted)
	DECLARE @PRE_ID NVARCHAR(16) = (SELECT TOP 1 CAST(REPLACE(ID_PHONG,LEFT(ID_PHONG,1),'') AS INT) ID  FROM PHONGCHIEU ORDER BY ID DESC)
	-- NEU LA RECORD DAU TIEN SO LA 1 HOAC @PRE_ID + 1
	DECLARE @NEXT NVARCHAR(16)
	IF(@PRE_ID IS NULL) SET @NEXT = 1 
	ELSE SET @NEXT = @PRE_ID + 1 
	  
	--TAO ID TU TANG CHO HANG CHUAN BI THEM
	  DECLARE @CUR_ID NVARCHAR(16) = ('P' + RIGHT('000'+CAST((@NEXT) AS NVARCHAR(5)),3))
	 --INSERT
	  INSERT INTO PHONGCHIEU VALUES(@CUR_ID,@DAY,@COT)
END
GO



-- Trigger PHIM
-- delete trigger when existed
if(OBJECT_ID('tg_phim')) is not null
	drop trigger tg_phim
go
-- create trigger before insert phim
create trigger tg_phim on PHIM
INSTEAD OF INSERT 
AS BEGIN
	SET NOCOUNT ON;
	DECLARE @TEN NVARCHAR(50) = (SELECT TEN FROM INSERTED)
	DECLARE @THOILUONG SMALLINT = (SELECT THOILUONG FROM INSERTED)
	DECLARE @THELOAI NVARCHAR(50) = (SELECT THELOAI FROM INSERTED)
	DECLARE @NGONNGU NVARCHAR(20) = (SELECT NGONNGU FROM INSERTED)
	DECLARE @NGAY_KC DATE = (SELECT NGAY_KC FROM INSERTED)
	DECLARE @TOMTAT NVARCHAR(1024) = (SELECT TOMTAT FROM INSERTED)
	DECLARE @TRANGTHAI BIT = (SELECT TRANGTHAI FROM INSERTED)
	DECLARE @ID_NV NVARCHAR(10) = (SELECT ID_NV FROM INSERTED)
	DECLARE @POSTER NVARCHAR(100) = (SELECT POSTER FROM inserted)
	--SO ID GAN NHAT DUOC THEM VAO TRONG BANG
	DECLARE @PRE_ID NVARCHAR(16) = (SELECT TOP 1 CAST(REPLACE(ID_PHIM,left(ID_PHIM,2),'') AS INT) IDN FROM PHIM ORDER BY IDN desc)
	DECLARE @NEXT INT

	-- NEU LA RECORD DAU TIEN SO LA 1 HOAC @PRE_ID + 1
	IF(@PRE_ID IS NULL) SET @NEXT = 1
	ELSE SET @NEXT = @PRE_ID + 1
	-- NEXT ID
	DECLARE @CUR_ID NVARCHAR(16) = ('FI' + RIGHT('0000'+CONVERT(NVARCHAR(10),@NEXT),5))
	-- INSERT										
	INSERT INTO PHIM VALUES(@CUR_ID, @TEN, @POSTER ,@THOILUONG, @THELOAI, @NGONNGU, @NGAY_KC, @TOMTAT, @TRANGTHAI, @ID_NV)
END
GO

-- THÊM DỮ LIỆU PHIM
-- THÊM DỮ LIỆU
--insert into PHIM(TEN, THOILUONG, THELOAI, NGONNGU, NGAY_KC, TOMTAT, TRANGTHAI, ID_NV) values(
--	N'Bóng đè', 101, N'Kinh dị', N'Tiếng Việt - Phụ đề Tiếng Anh', '2022-03-18', 
--	N'Bóng đè là trải nghiệm xảy ra khi tâm trí đã thức giấc nhưng cơ thể vẫn còn trong giấc ngủ. Đa số trường hợp không thể phân biệt được giữa thực và mơ.', 
--	0, N'NV00001'
--)

-- create trigger before insert thanhvien
if(OBJECT_ID('tg_sc')) is not null
	drop trigger tg_sc
go

CREATE TRIGGER tg_sc ON SUATCHIEU
INSTEAD OF INSERT
AS BEGIN
	SET NOCOUNT ON
	DECLARE @NGAYCHIEU DATE = (SELECT NGAYCHIEU FROM inserted)
	DECLARE @ID_PHONG NCHAR(4) = (SELECT ID_PHONG FROM inserted)
	DECLARE @ID_PHIM NVARCHAR(15) = (SELECT ID_PHIM FROM inserted)
	DECLARE @GIOBATDAU TIME = (SELECT GIOBATDAU FROM inserted)
	DECLARE @GIOKETTHUC TIME = (SELECT GIOKETTHUC FROM inserted)
	DECLARE @ID_NV NVARCHAR(10) = (SELECT ID_NV FROM inserted)

		--SO ID GAN NHAT DUOC THEM VAO TRONG BANG
	DECLARE @PRE_ID NVARCHAR(16) = (SELECT TOP 1 CAST(REPLACE(ID_SUAT,left(ID_SUAT,2),'') AS INT)  IDN FROM SUATCHIEU ORDER BY IDN DESC)
	DECLARE @NEXT INT

	-- NEU LA RECORD DAU TIEN SO LA 1 HOAC @PRE_ID + 1
	IF(@PRE_ID IS NULL) SET @NEXT = 1 
	ELSE SET @NEXT = @PRE_ID + 1

	--TAO ID TU TANG CHO HANG CHUAN BI THEM 
	 DECLARE @CUR_ID NVARCHAR(16) = ('SC' + RIGHT('00000'+CAST((@NEXT) AS NVARCHAR(5)),5))

	 	 --INSERT
	  INSERT INTO SUATCHIEU VALUES(@CUR_ID,@NGAYCHIEU,@ID_PHONG,@ID_PHIM,@GIOBATDAU,@GIOKETTHUC,@ID_NV)

END
GO
--THEM DU LIEU SUAT CHIEU
-- INSERT INTO SUATCHIEU VALUES('','20220119','P001','FI00001','12:00','14:00','NV00001')


 
-- Trigger đồ ăn

-- delete trigger when existed
if(OBJECT_ID('tg_Doan')) is not null
	drop trigger tg_Doan
go
-- create trigger before insert

create trigger tg_doan on DOAN
INSTEAD OF INSERT 
AS BEGIN
	SET NOCOUNT ON;
	DECLARE @LDA NVARCHAR(50) = (SELECT ID_LOAI  FROM INSERTED)
	DECLARE @TENDA NVARCHAR(100) = (SELECT TEN  FROM INSERTED)
	--SO ID GAN NHAT DUOC THEM VAO TRONG BANG
	DECLARE @PRE_IDDA NVARCHAR(16) = (SELECT TOP 1 CAST(REPLACE(ID_DOAN,left(ID_DOAN,2),'') AS INT)  IDoan FROM DOAN WHERE ID_LOAI LIKE @LDA ORDER BY IDoan desc)
	DECLARE @NEXT INT

	-- NEU LA RECORD DAU TIEN SO LA 1 , NEU KHONG THI ++
	IF(@PRE_IDDA IS NULL) SET @NEXT = 1 
	ELSE SET @NEXT = @PRE_IDDA + 1 
			
	-- NEXT ID
	DECLARE @DA_ID NVARCHAR(16) =  @LDA + RIGHT('0000'+CONVERT(NVARCHAR(10),@NEXT),5)
										
	-- INSERT														
	INSERT INTO DOAN VALUES(@DA_ID, @TENDA, @LDA)

END
GO


-- Trigger ĐƠN đồ ăn

-- delete trigger when existed
if(OBJECT_ID('tg_DonDoan')) is not null
	drop trigger tg_DonDoan
go
-- create trigger before insert

create trigger tg_DonDoan on DONDOAN
INSTEAD OF INSERT 
AS BEGIN
	SET NOCOUNT ON;
	DECLARE @ID_DONDA NVARCHAR(50) = (SELECT ID_DONDA FROM INSERTED)


	--SO ID GAN NHAT DUOC THEM VAO TRONG BANG
	DECLARE @PRE_IDDA NVARCHAR(16) = (SELECT TOP 1 CAST(REPLACE(ID_DONDA,left(ID_DONDA,2),'') AS INT) IDDoan FROM DONDOAN ORDER BY IDDoan desc)
	DECLARE @NEXT INT

	-- NEU LA RECORD DAU TIEN SO LA 1 , NEU KHONG THI ++
	IF(@PRE_IDDA IS NULL) SET @NEXT = 1 
	ELSE SET @NEXT = @PRE_IDDA + 1 
			
	-- NEXT ID
	DECLARE @DA_ID NVARCHAR(50) = 'DA'+ RIGHT('0000'+CONVERT(NVARCHAR(10),@NEXT),5)
										
	-- INSERT														
	INSERT INTO DONDOAN VALUES(@DA_ID)

END
GO



-- Trigger GHẾ
-- delete trigger when existed
if(OBJECT_ID('tg_ghe')) is not null
	drop trigger tg_ghe
go
-- create trigger before insert GHẾ
create trigger tg_ghe on GHE
INSTEAD OF INSERT 
AS BEGIN
	SET NOCOUNT ON;
	DECLARE @VITRIDAY TINYINT = (SELECT VITRIDAY FROM INSERTED)
	DECLARE @VITRIDAY_CHAR NCHAR(1) = CHAR((SELECT VITRIDAY FROM INSERTED) + 64)
	DECLARE @VITRICOT NCHAR(2) = (SELECT VITRICOT FROM INSERTED)
	DECLARE @ID_PHONGCHIEU NCHAR(4) = (SELECT ID_PHONGCHIEU FROM INSERTED)
	DECLARE @ID_LOAIGHE NCHAR(2) = (SELECT ID_LOAIGHE FROM INSERTED)
	--SO ID GAN NHAT DUOC THEM VAO TRONG BANG
	DECLARE @PRE_ID NVARCHAR(16) = (SELECT TOP 1 CAST(REPLACE(ID_GHE, left(ID_GHE,5),'') AS INT) IDN FROM GHE ORDER BY IDN desc)
	DECLARE @NEXT INT

	-- NEU LA RECORD DAU TIEN SO LA 1 HOAC @PRE_ID + 1
	IF(@PRE_ID IS NULL) SET @NEXT = 1
	ELSE SET @NEXT = @PRE_ID + 1
	-- NEXT ID 
	IF LEN(@VITRICOT) <= 1
		SET @VITRICOT = '0' + @VITRICOT
	DECLARE @CUR_ID NVARCHAR(16) = ('GS' + RIGHT(@ID_PHONGCHIEU,2) + @VITRIDAY_CHAR + @VITRICOT)
	-- INSERT										
	INSERT INTO GHE VALUES(@CUR_ID, @VITRIDAY, @VITRICOT, @ID_PHONGCHIEU, @ID_LOAIGHE)
END
GO

-- THÊM DỮ LIỆU GHẾ
--insert into GHE(VITRIDAY, VITRICOT, ID_PHONGCHIEU, ID_LOAIGHE) values
-- (2, 14, 'P001', 'VP')


--trigger don ve
if(OBJECT_ID('tg_donve')) is not null
	drop trigger tg_donve
go

CREATE TRIGGER tg_donve ON DONVE
INSTEAD OF INSERT
AS BEGIN
	SET NOCOUNT ON

	--SO ID GAN NHAT DUOC THEM VAO TRONG BANG
	DECLARE @PRE_ID NVARCHAR(16) = (SELECT TOP 1 CAST(REPLACE(ID_DONVE,left(ID_DONVE,2),'') AS INT)  IDN FROM DONVE ORDER BY IDN DESC)
	DECLARE @NEXT INT

	-- NEU LA RECORD DAU TIEN SO LA 1 HOAC @PRE_ID + 1
	IF(@PRE_ID IS NULL) SET @NEXT = 1 
	ELSE SET @NEXT = @PRE_ID + 1

	--TAO ID TU TANG CHO HANG CHUAN BI THEM 
	 DECLARE @CUR_ID NVARCHAR(16) = ('DV' + RIGHT('00000'+CAST((@NEXT) AS NVARCHAR(5)),5))

	 	 --INSERT
	  INSERT INTO DONVE VALUES(@CUR_ID)

END
GO
---
---insert into donve values('',2,200)

---------------------------------------- BẮT ĐẦU THÊM DỮ LIỆU ---------------------------------------
-- THÊM DỮ LIỆU VÀO BẢNG NHÂN VIÊN
INSERT NHANVIEN (HOTEN,NGAYSINH,GIOITINH,SODT,EMAIL,TENTK,MATKHAU,ANH,VAITRO) 
	VALUES (N'Phạm Hoàng Long','1998-10-18',0,'0985645231','hoanglong@gmail.com','Hoanglong98','Longhoang9x','user1.png',1)
INSERT NHANVIEN (HOTEN,NGAYSINH,GIOITINH,SODT,EMAIL,TENTK,MATKHAU,ANH,VAITRO) 
	VALUES (N'Nguyễn Thị Nga','1997-07-28',1,'0977485234','nganguyen@gmail.com','ngaNguyen97','Nga0797','user1.png',1)
INSERT NHANVIEN (HOTEN,NGAYSINH,GIOITINH,SODT,EMAIL,TENTK,MATKHAU,ANH,VAITRO) 
	VALUES (N'Nguyễn Thanh Loan','1996-05-15',1,'0995343221','loannguyen@gmail.com','Thanhloan96','Loannguyen1505','user1.png',1)
INSERT NHANVIEN (HOTEN,NGAYSINH,GIOITINH,SODT,EMAIL,TENTK,MATKHAU,ANH,VAITRO) 
	VALUES (N'Trương Thế Thành','1997-02-05',0,'0755315241','thanhtruong@gmail.com','Thethanh97','ThanhTruong97','user1.png',1)
INSERT NHANVIEN (HOTEN,NGAYSINH,GIOITINH,SODT,EMAIL,TENTK,MATKHAU,ANH,VAITRO) 
	VALUES (N'Trần Hoàng Kha','1989-05-25',0,'0884245251','khahoang@gmail.com','Hoangkha8x','Khatran2505','user1.png',1)
INSERT NHANVIEN (HOTEN,NGAYSINH,GIOITINH,SODT,EMAIL,TENTK,MATKHAU,ANH,VAITRO) 
	VALUES (N'Tống Thanh Hàn','1998-10-07',0,'0883882943','thanhhan@gmail.com','Tonghan98','Thanhhan9x10','user1.png',0)
INSERT NHANVIEN (HOTEN,NGAYSINH,GIOITINH,SODT,EMAIL,TENTK,MATKHAU,ANH,VAITRO) 
	VALUES (N'Nguyễn Tường Vy','1994-01-30',1,'0988392403','tuongvynguyen@gmail.com','vyNguyen97','Tuongvy019x','user1.png',0)
INSERT NHANVIEN (HOTEN,NGAYSINH,GIOITINH,SODT,EMAIL,TENTK,MATKHAU,ANH,VAITRO) 
	VALUES (N'Nguyễn Ánh','1998-09-28',1,'0964011088','anhnguyen@gmail.com','Nguyenanh9x','nguyenAnh98','user1.png',0)
INSERT NHANVIEN (HOTEN,NGAYSINH,GIOITINH,SODT,EMAIL,TENTK,MATKHAU,ANH,VAITRO) 
	VALUES (N'Phùng Thái Linh','1998-07-09',1,'0364444043','phunglinh@gmail.com','Thailinh98','Linh98','user1.png',0)
INSERT NHANVIEN (HOTEN,NGAYSINH,GIOITINH,SODT,EMAIL,TENTK,MATKHAU,ANH,VAITRO) 
	VALUES (N'Hoàng Xuân Vinh','1990-05-15',0,'093229239','hoangxuan@gmail.com','Hoangvinh9x','Hoangvinh1505','user1.png',0)
INSERT NHANVIEN (HOTEN,NGAYSINH,GIOITINH,SODT,EMAIL,TENTK,MATKHAU,ANH,VAITRO) 
	VALUES (N'Nguyễn Lê Phương','1999-01-04',1,'0963324252','phuongnguyen@gmail.com','Phuong99','Phuong0401','user1.png',0)
INSERT NHANVIEN (HOTEN,NGAYSINH,GIOITINH,SODT,EMAIL,TENTK,MATKHAU,ANH,VAITRO) 
	VALUES (N'Mai Nam Hải','1989-10-15',0,'0917229979','maihai@gmail.com','Namhai89','Hai1089','user1.png',0)
INSERT NHANVIEN (HOTEN,NGAYSINH,GIOITINH,SODT,EMAIL,TENTK,MATKHAU,ANH,VAITRO) 
	VALUES (N'Trần Trà My','1996-12-07',1,'093942561','mytra@gmail.com','Tramy96','Tramy1996','user1.png',0)
INSERT NHANVIEN (HOTEN,NGAYSINH,GIOITINH,SODT,EMAIL,TENTK,MATKHAU,ANH,VAITRO) 
	VALUES (N'Đoàn Nguyên Hải','1993-01-12',0,'0394040503','haidoan@gmail.com','Haidoan9x','Hai0193','user1.png',0)
INSERT NHANVIEN (HOTEN,NGAYSINH,GIOITINH,SODT,EMAIL,TENTK,MATKHAU,ANH,VAITRO) 
	VALUES (N'Phùng Thanh Độ','1995-07-30',0,'0364461650','dophung@gmail.com','Thanhdo95','Thanhdo9507','user1.png',0)
INSERT NHANVIEN (HOTEN,NGAYSINH,GIOITINH,SODT,EMAIL,TENTK,MATKHAU,ANH,VAITRO) 
	VALUES (N'Mai Ánh Thi','1993-03-03',1,'0708178910','thimai@gmail.com','Anhthi9x','Anhthi03','user1.png',0)
INSERT NHANVIEN (HOTEN,NGAYSINH,GIOITINH,SODT,EMAIL,TENTK,MATKHAU,ANH,VAITRO) 
	VALUES (N'Nguyễn Ngọc Trang','1993-03-06',1,'0977783120','ngoctrang@gmail.com','Nguyentrang93','Trang0306','user1.png',0)
INSERT NHANVIEN (HOTEN,NGAYSINH,GIOITINH,SODT,EMAIL,TENTK,MATKHAU,ANH,VAITRO) 
	VALUES (N'Nguyễn Ngọc Linh','1993-03-09',1,'0977123450','ngoclinh@gmail.com','Ngoclinh93','Linh9x03','user1.png',0)
INSERT NHANVIEN (HOTEN,NGAYSINH,GIOITINH,SODT,EMAIL,TENTK,MATKHAU,ANH,VAITRO) 
	VALUES (N'Lê Kim Tuấn','1999-03-01',0,'0976009889','kimtuan@gmail.com','Tuanle05','Tuanle9702','user1.png',0)
INSERT NHANVIEN (HOTEN,NGAYSINH,GIOITINH,SODT,EMAIL,TENTK,MATKHAU,ANH,VAITRO) 
	VALUES (N'Hoàng Thuỳ Linh','1999-03-01',1,'0974678320','thuylinh@gmail.com','Hoangthuy999','Thuylinh1999','user1.png',0)
GO


-- THÊM DỮ LIỆU VÀO BẢNG THÀNH VIÊN
INSERT THANHVIEN (HOTEN,NGAYSINH,GIOITINH,SODT,EMAIL) VALUES (N'Hoàng Linh Trang','1999-03-01',1,'0922344112','linhtrang@gmail.com')
INSERT THANHVIEN (HOTEN,NGAYSINH,GIOITINH,SODT,EMAIL) VALUES (N'Võ Như Ngọc','1999-07-13',1,'0982990002','nhungoc@gmail.com')
INSERT THANHVIEN (HOTEN,NGAYSINH,GIOITINH,SODT,EMAIL) VALUES (N'Ánh Linh Nhi','1999-03-03',1,'0906916666','linhnhi@gmail.com')
INSERT THANHVIEN (HOTEN,NGAYSINH,GIOITINH,SODT,EMAIL) VALUES (N'Đường Hoàng Tam','1999-09-03',0,'0909220109','hoangtam@gmail.com')
INSERT THANHVIEN (HOTEN,NGAYSINH,GIOITINH,SODT,EMAIL) VALUES (N'Ngọc Linh Đường','1999-04-08',1,'0945678120','linhduong@gmail.com')
INSERT THANHVIEN (HOTEN,NGAYSINH,GIOITINH,SODT,EMAIL) VALUES (N'Nguyễn Tuấn Linh','1992-03-03',0,'0912880220','tuanlinh@gmail.com')
INSERT THANHVIEN (HOTEN,NGAYSINH,GIOITINH,SODT,EMAIL) VALUES (N'Nguyễn Quang Tuấn','1995-05-03',0,'0982778456','quangtuan@gmail.com')
INSERT THANHVIEN (HOTEN,NGAYSINH,GIOITINH,SODT,EMAIL) VALUES (N'Nguyễn Quang Minh','1998-03-03',0,'0921589987','quangminh@gmail.com')
INSERT THANHVIEN (HOTEN,NGAYSINH,GIOITINH,SODT,EMAIL) VALUES (N'Trần Nhật Hào','2001-05-24',0,'0975155532','haotn@gmail.com')
INSERT THANHVIEN (HOTEN,NGAYSINH,GIOITINH,SODT,EMAIL) VALUES (N'Lê Kim Kim','1999-04-24',1,'0977783123','kimkim99@gmail.com')
INSERT THANHVIEN (HOTEN,NGAYSINH,GIOITINH,SODT,EMAIL) VALUES (N'Hoàng Thu Trang','1993-07-13',1,'0977456720','thutrang@gmail.com')
INSERT THANHVIEN (HOTEN,NGAYSINH,GIOITINH,SODT,EMAIL) VALUES (N'Mai Ánh Linh','1993-03-09',1,'0989779666','maianhlinh@gmail.com')
INSERT THANHVIEN (HOTEN,NGAYSINH,GIOITINH,SODT,EMAIL) VALUES (N'Phạm Thành Đô','2001-12-01',0,'0334718723','phamdo@gmail.com')
INSERT THANHVIEN (HOTEN,NGAYSINH,GIOITINH,SODT,EMAIL) VALUES (N'Phan Thanh Phương','2001-03-24',0,'0337034588','phuongphan@gmail.com')
INSERT THANHVIEN (HOTEN,NGAYSINH,GIOITINH,SODT,EMAIL) VALUES (N'Lê Bửu Điền','2001-08-03',0,'0967141140','dienle@gmail.com')
INSERT THANHVIEN (HOTEN,NGAYSINH,GIOITINH,SODT,EMAIL) VALUES (N'Nguyễn Đức Huy','2000-04-22',0,'0342389488','duchuy@gmail.com')
INSERT THANHVIEN (HOTEN,NGAYSINH,GIOITINH,SODT,EMAIL) VALUES (N'Phan Thanh Châu','2001-10-04',0,'0866735557','chauthanh@gmail.com')
INSERT THANHVIEN (HOTEN,NGAYSINH,GIOITINH,SODT,EMAIL) VALUES (N'Nguyễn Nhật Vy','2001-03-25',1,'0353447899','vynguyen@gmail.com')
INSERT THANHVIEN (HOTEN,NGAYSINH,GIOITINH,SODT,EMAIL) VALUES (N'Lê Thanh Tâm','2001-09-27',1,'0357837264','thanhtam@gmail.com')
INSERT THANHVIEN (HOTEN,NGAYSINH,GIOITINH,SODT,EMAIL) VALUES (N'Cao Minh Khang','2001-09-20',0,'0974101817','minhkhang@gmail.com')
INSERT THANHVIEN (HOTEN,NGAYSINH,GIOITINH,SODT,EMAIL) VALUES (N'Phạm Chí Thanh','1999-02-13',0,'0984875769','thanhpham@gmail.com')
INSERT THANHVIEN (HOTEN,NGAYSINH,GIOITINH,SODT,EMAIL) VALUES (N'Trần Nhật Nam','2003-01-21',0,'0387371168','nhatnam@gmail.com')
INSERT THANHVIEN (HOTEN,NGAYSINH,GIOITINH,SODT,EMAIL) VALUES (N'Nguyễn Nhật Bản','1998-02-14',0,'0378372332','nguyennhat@gmail.com')
INSERT THANHVIEN (HOTEN,NGAYSINH,GIOITINH,SODT,EMAIL) VALUES (N'Phạm Lê Yến Vy','2001-08-25',1,'03578294637','vypham@gmail.com')
INSERT THANHVIEN (HOTEN,NGAYSINH,GIOITINH,SODT,EMAIL) VALUES (N'Trần Thị Như Yên','2000-03-27',1,'0993728495','nhuyen@gmail.com')
GO



--THEM LOAIDOAN
INSERT INTO LOAIDOAN VALUES ('TA',N'Thức ăn'), ('DU',N'Đồ uống')
GO



-- THEM VAO COT kich co
INSERT INTO KICHCO VALUES 
(N'S'),
(N'M'),
(N'L')
GO

-- THEM VAO COT DO AN
INSERT INTO DOAN (TEN, ID_LOAI) VALUES
(N'Nước lọc',N'DU')
INSERT INTO DOAN (TEN, ID_LOAI) VALUES
(N'Pepsi',N'DU')
INSERT INTO DOAN (TEN, ID_LOAI) VALUES
(N'Cocacola',N'DU')
INSERT INTO DOAN (TEN, ID_LOAI) VALUES
(N'Trà sữa',N'DU')
INSERT INTO DOAN (TEN, ID_LOAI) VALUES
(N'Cà phê',N'DU')
INSERT INTO DOAN (TEN, ID_LOAI) VALUES
(N'Pizza',N'TA')
INSERT INTO DOAN (TEN, ID_LOAI) VALUES
(N'Bắp rang bơ',N'TA')
INSERT INTO DOAN (TEN, ID_LOAI) VALUES
(N'Sushi',N'TA')
INSERT INTO DOAN (TEN, ID_LOAI) VALUES
(N'Bánh tráng trộn',N'TA')
INSERT INTO DOAN (TEN, ID_LOAI) VALUES
(N'Bánh ngọt',N'TA')

-- them du lieu kichco-doan
INSERT INTO KICHCODOAN (ID_DOAN, ID_KICHCO, GIA) VALUES
(N'DU00001',N'S',10),
(N'DU00001',N'M',15),
(N'DU00001',N'L',20),
(N'DU00002',N'S',15),
(N'DU00002',N'M',20),
(N'DU00002',N'L',25),
(N'DU00003',N'S',15),
(N'DU00003',N'M',20),
(N'DU00003',N'L',25),
(N'DU00004',N'S',20),
(N'DU00004',N'M',30),
(N'DU00004',N'L',40),
(N'DU00005',N'S',30),
(N'DU00005',N'M',35),
(N'DU00005',N'L',40),
(N'TA00001',N'S',100),
(N'TA00001',N'M',150),
(N'TA00001',N'L',200),
(N'TA00002',N'S',20),
(N'TA00002',N'M',35),
(N'TA00002',N'L',50),
(N'TA00003',N'S',120),
(N'TA00003',N'M',150),
(N'TA00003',N'L',200),
(N'TA00004',N'S',20),
(N'TA00004',N'M',25),
(N'TA00004',N'L',30),
(N'TA00005',N'S',40),
(N'TA00005',N'M',50),
(N'TA00005',N'L',60)
GO


--THÊM DỮ LIỆU VÀO BẢNG ĐƠN ĐỒ ĂN
INSERT INTO DONDOAN(ID_DONDA) VALUES
('')
INSERT INTO DONDOAN(ID_DONDA) VALUES
('')
INSERT INTO DONDOAN(ID_DONDA) VALUES
('')
INSERT INTO DONDOAN(ID_DONDA) VALUES
('')
INSERT INTO DONDOAN(ID_DONDA) VALUES
('')
INSERT INTO DONDOAN(ID_DONDA) VALUES
('')
INSERT INTO DONDOAN(ID_DONDA) VALUES
('')
INSERT INTO DONDOAN(ID_DONDA) VALUES
('')
INSERT INTO DONDOAN(ID_DONDA)VALUES
('')
INSERT INTO DONDOAN(ID_DONDA) VALUES
('')
GO



-- them du lieu bang do an chi tiet 
INSERT INTO DOANCT(ID_KCDA,ID_DONDA,SOLUONG) VALUES
(11,'DA00001',1),
(24,'DA00001',2),
(5,'DA00002',2),
(30,'DA00002',2),
(8,'DA00003',1),
(5,'DA00004',3),
(24,'DA00004',1),
(13,'DA00005',4),
(2,'DA00005',4),
(21,'DA00005',2),
(11,'DA00006',1),
(7,'DA00007',1),
(11,'DA00008',1),
(17,'DA00008',1),
(10,'DA00009',1),
(8,'DA00010',2),
(18,'DA00010',3)
GO


-- THEM PHIM
insert into PHIM(TEN, POSTER,THOILUONG, THELOAI, NGONNGU, NGAY_KC, TOMTAT, TRANGTHAI, ID_NV) values(
	N'Bóng đè','poster1.png', 101, N'Kinh dị', N'Tiếng Việt', '2022-03-18', 
	N'Bóng đè là trải nghiệm xảy ra khi tâm trí đã thức giấc nhưng cơ thể vẫn còn trong giấc ngủ. Đa số trường hợp không thể phân biệt được giữa thực và mơ.', 
	1, N'NV00001'
)
insert into PHIM(TEN, POSTER,THOILUONG, THELOAI, NGONNGU, NGAY_KC, TOMTAT, TRANGTHAI, ID_NV) values(
	N'BATMAN','poster1.png', 183, N'Hành động', N'Tiếng Anh', '2022-03-04', 
	N'Bộ phim đưa khán giả dõi theo hành trình phá án và diệt trừ tội phạm của chàng Hiệp sĩ Bóng đêm Batman, với một câu chuyện hoàn toàn khác biệt với những phần phim đã ra mắt trước đây.', 
	1, N'NV00001'
)
insert into PHIM(TEN, POSTER,THOILUONG, THELOAI, NGONNGU, NGAY_KC, TOMTAT, TRANGTHAI, ID_NV) values(
	N'TURNING RED: Gấu đỏ biến hình','poster1.png', 99, N'Hoạt hình', N'Tiếng Anh', '2022-03-13', 
	N'Turning Red - Gấu Đỏ Biến Hình từ Disney và Pixar kể về Mei Lee, cô bé 13 tuổi tự tin và ngổ ngáo với những sự hỗn loạn của tuổi mới lớn.', 
	1, N'NV00001'
)
insert into PHIM(TEN, POSTER,THOILUONG, THELOAI, NGONNGU, NGAY_KC, TOMTAT, TRANGTHAI, ID_NV) values(
	N'Gã điên báo thù','poster1.png', 118, N'Hành động', N'Tiếng Anh', '2022-03-11', 
	N'Gã Điên Báo Thù xoay quanh H – tên thật là Patrick Hill (Jason Statham đóng), một nhân viên vừa được Fortico Securities thuê vào đội bảo an sau khi chiếc xe bọc thép…', 
	1, N'NV00001'
)
insert into PHIM(TEN, POSTER,THOILUONG, THELOAI, NGONNGU, NGAY_KC, TOMTAT, TRANGTHAI, ID_NV) values(
	N'Bẫy ngọt ngào','poster1.png', 90, N'Tâm lý', N'Tiếng Việt', '2022-02-11', 
	N'Sau một thời gian dài không gặp, cuộc sống của mỗi thành viên trong hội ế đều có nhiều thay đổi. Camy là người duy nhất “thoát ế” với cuộc sống đáng mơ ước bên người chồng tài hoa Đăng Minh.', 
	0, N'NV00001'
)
insert into PHIM(TEN, POSTER,THOILUONG, THELOAI, NGONNGU, NGAY_KC, TOMTAT, TRANGTHAI, ID_NV) values(
	N'Người lắng nghe','poster1.png', 119, N'Tâm lý', N'Tiếng Anh', '2022-03-04', 
	N'Một nữ nhà văn, một chuyên gia tâm lý, một bác sĩ tâm thần và một nữ doanh nhân cùng nhau bị cuốn vào những ám ảnh không hồi kết của người phụ nữ với gương mặt mờ ảo.', 
	1, N'NV00001'
)
insert into PHIM(TEN, POSTER,THOILUONG, THELOAI, NGONNGU, NGAY_KC, TOMTAT, TRANGTHAI, ID_NV) values(
	N'Giả danh anh hùng','poster1.png', 82, N'Hài hước', N'Tiếng Pháp', '2022-03-11', 
	N'Cậu học sinh trung học mồ côi - Rick Riker bị một con chuồn chuồn phóng xạ cắn, phát triển siêu năng lực (ngoại trừ khả năng bay), và trở thành một anh hùng bất đắc dĩ.', 
	1, N'NV00001'
)
insert into PHIM(TEN, POSTER,THOILUONG, THELOAI, NGONNGU, NGAY_KC, TOMTAT, TRANGTHAI, ID_NV) values(
	N'BELLE: Rồng và công chúa tàn nhang','poster1.png', 122, N'Hoạt hình', N'Tiếng Nhật', '2022-02-25', 
	N'Suzu là một học sinh trung học bình thường, nhút nhát sống ở một ngôi làng nông thôn. Trong nhiều năm, cô ấy chỉ là cái bóng của chính mình.', 
	1, N'NV00001'
)
insert into PHIM(TEN, POSTER,THOILUONG, THELOAI, NGONNGU, NGAY_KC, TOMTAT, TRANGTHAI, ID_NV) values(
	N'Trăng rơi','poster1.png', 130, N'Khoa học viễn tưởng', N'Tiếng Anh', '2022-02-18', 
	N'Năm 2011, một tai nạn ngoài vũ trụ khiến một phi hành gia tử vong đầy bí ẩn. Đúng 10 năm sau, Mặt Trăng đột nhiên rời khỏi quỹ đạo và dần trên đường va chạm với Trái Đất.', 
	1, N'NV00001'
)
insert into PHIM(TEN, POSTER,THOILUONG, THELOAI, NGONNGU, NGAY_KC, TOMTAT, TRANGTHAI, ID_NV) values(
	N'Bồ cũ','poster1.png', 90, N'Kinh dị', N'Tiếng Nga', '2022-02-25', 
	N'Khi còn ở tuổi thiếu niên, Sasha (Konstantin Beloshapka) từng yêu say đắm một cô gái rất xinh đẹp. Hàng loạt những tấm ảnh tình tứ được Sasha đăng lên mạng như một sự khoe khoang với bạn bè.', 
	1, N'NV00001'
)
insert into PHIM(TEN, POSTER,THOILUONG, THELOAI, NGONNGU, NGAY_KC, TOMTAT, TRANGTHAI, ID_NV) values(
	N'Chuyện ma gần nhà','poster1.png', 108, N'Kinh dị', N'Tiếng Việt', '2022-02-11', 
	N'Là tác phẩm đầu tiên trong vũ trụ kinh dị Việt Nam được lấy cảm hứng từ những truyền thuyết đô thị và các câu chuyện ma được đồn thổi trong dân gian.', 
	1, N'NV00001'
)
insert into PHIM(TEN, POSTER,THOILUONG, THELOAI, NGONNGU, NGAY_KC, TOMTAT, TRANGTHAI, ID_NV) values(
	N'Nhện không nhà','poster1.png', 149, N'Phiêu lưu', N'Tiếng Anh', '2021-12-17', 
	N'Lần đầu tiên trong lịch sử điện ảnh của Người Nhện, thân phận người hàng xóm thân thiện bị lật mở, khiến trách nhiệm làm một Siêu Anh Hùng xung đột với cuộc sống bình thường và đặt người anh quan tâm', 
	1, N'NV00001'
)
insert into PHIM(TEN, POSTER,THOILUONG, THELOAI, NGONNGU, NGAY_KC, TOMTAT, TRANGTHAI, ID_NV) values(
	N'Án mạng trên sông nile','poster1.png', 126, N'Tâm lý', N'Tiếng Anh', '2022-02-11', 
	N'Án Mạng Trên Sông Nile xoay quanh chuyến đi tham quan Ai Cập của thám tử Poirot. Trên chiếc du thuyền nhỏ, ông bắt gặp một cặp nam thanh nữ tú: nàng triệu phú trẻ Linnet Doyle và người chồng mới cưới Simon Doyle.', 
	0, N'NV00001'
)
insert into PHIM(TEN, POSTER,THOILUONG, THELOAI, NGONNGU, NGAY_KC, TOMTAT, TRANGTHAI, ID_NV) values(
	N'Năm, Mười, Mười Lăm','poster1.png', 120, N'Kinh dị', N'Tiếng Anh', '2022-03-25', 
	N'Khi trò trốn tìm biến tướng thành cuộc truy đuổi rùng rợn của “bà ba bị”. Sofía là một vú nuôi trẻ tuổi vừa bắt đầu công việc trông trẻ trong một gia đình giàu có.', 
	0, N'NV00002'
)
insert into PHIM(TEN, POSTER,THOILUONG, THELOAI, NGONNGU, NGAY_KC, TOMTAT, TRANGTHAI, ID_NV) values(
	N'Phù thủy tối thượng trong đa vũ trụ hỗn loạn','poster1.png', 120, N'Hành động', N'Tiếng Anh', '2022-05-20', 
	N'Sau các sự kiện của Avengers: Endgame, Tiến sĩ Stephen Strange tiếp tục nghiên cứu về Viên đá Thời gian. Nhưng một người bạn cũ đã trở thành kẻ thù tìm cách tiêu diệt mọi phù thủy', 
	0, N'NV00002'
)
insert into PHIM(TEN, POSTER,THOILUONG, THELOAI, NGONNGU, NGAY_KC, TOMTAT, TRANGTHAI, ID_NV) values(
	N'Minions: sự trỗi dậy của gru','poster1.png', 110, N'Hoạt hình', N'Tiếng Anh', '2022-04-30', 
	N'Hành trình phiêu lưu của Gru song hành cùng với Otto và viên đá của ác nhân MINIONS: SỰ TRỖI DẬY CỦA GRU - DCKC: 2021', 
	0, N'NV00002'
)
insert into PHIM(TEN, POSTER,THOILUONG, THELOAI, NGONNGU, NGAY_KC, TOMTAT, TRANGTHAI, ID_NV) values(
	N'Em và Trịnh','poster1.png', 101, N'Tình cảm', N'Tiếng Việt', '2022-04-30', 
	N'Phim điện ảnh Em và Trịnh kể về cuộc đời của nhạc sĩ Trịnh Công Sơn từ khi còn trẻ đến tuổi trung niên, khi ông hoài niệm về những nàng thơ trong cuộc đời mình: Bích Diễm, Dao Ánh, Khánh Ly, Hồng Nhung...', 
	0, N'NV00002'
)
insert into PHIM(TEN, POSTER,THOILUONG, THELOAI, NGONNGU, NGAY_KC, TOMTAT, TRANGTHAI, ID_NV) values(
	N'Những kẻ xấu xa','poster1.png', 100, N'Hoạt hình', N'Tiếng Anh', '2022-03-25', 
	N'Hành trình trở thành người tốt đầy gay cấn và nhiều tiếng cười của băng đảng những loài thú xấu xa.', 
	0, N'NV00002'
)
GO


 -- them data phong chieu
Insert into PHONGCHIEU values ('',5,12)
Insert into PHONGCHIEU values ('',5,12)
Insert into PHONGCHIEU values ('',5,12)
Insert into PHONGCHIEU values ('',5,12)
Insert into PHONGCHIEU values ('',5,12)
GO


-- THEM SUATCHIEU
-- Ngày 18
INSERT INTO SUATCHIEU VALUES('','2022-03-18','P001','FI00003','7:00','8:39','NV00001')
INSERT INTO SUATCHIEU VALUES('','2022-03-18','P001','FI00001','8:50','10:31','NV00001')
INSERT INTO SUATCHIEU VALUES('','2022-03-18','P001','FI00009','10:40','12:50','NV00001')
INSERT INTO SUATCHIEU VALUES('','2022-03-18','P001','FI00002','13:00','16:03','NV00001')
INSERT INTO SUATCHIEU VALUES('','2022-03-18','P001','FI00004','16:10','18:02','NV00001')
INSERT INTO SUATCHIEU VALUES('','2022-03-18','P001','FI00003','18:10','19:49','NV00001')
INSERT INTO SUATCHIEU VALUES('','2022-03-18','P001','FI00001','20:00','21:41','NV00001')
INSERT INTO SUATCHIEU VALUES('','2022-03-18','P001','FI00009','21:50','0:00','NV00001')

INSERT INTO SUATCHIEU VALUES('','2022-03-18','P002','FI00002','7:00','10:03','NV00001')
INSERT INTO SUATCHIEU VALUES('','2022-03-18','P002','FI00004','10:10','12:02','NV00001')
INSERT INTO SUATCHIEU VALUES('','2022-03-18','P002','FI00001','12:10','13:51','NV00001')
INSERT INTO SUATCHIEU VALUES('','2022-03-18','P002','FI00009','14:00','16:10','NV00001')
INSERT INTO SUATCHIEU VALUES('','2022-03-18','P002','FI00003','16:20','17:59','NV00001')
INSERT INTO SUATCHIEU VALUES('','2022-03-18','P002','FI00002','18:10','21:13','NV00001')
INSERT INTO SUATCHIEU VALUES('','2022-03-18','P002','FI00004','21:20','23:12','NV00001')
INSERT INTO SUATCHIEU VALUES('','2022-03-18','P002','FI00001','23:20','1:01','NV00001')

INSERT INTO SUATCHIEU VALUES('','2022-03-18','P003','FI00003','7:00','8:39','NV00001')
INSERT INTO SUATCHIEU VALUES('','2022-03-18','P003','FI00001','8:50','10:31','NV00001')
INSERT INTO SUATCHIEU VALUES('','2022-03-18','P003','FI00009','10:40','12:50','NV00001')
INSERT INTO SUATCHIEU VALUES('','2022-03-18','P003','FI00002','13:00','16:03','NV00001')
INSERT INTO SUATCHIEU VALUES('','2022-03-18','P003','FI00004','16:10','18:02','NV00001')
INSERT INTO SUATCHIEU VALUES('','2022-03-18','P003','FI00003','18:10','19:49','NV00001')
INSERT INTO SUATCHIEU VALUES('','2022-03-18','P003','FI00001','20:00','21:41','NV00001')
INSERT INTO SUATCHIEU VALUES('','2022-03-18','P003','FI00009','21:50','0:00','NV00001')

INSERT INTO SUATCHIEU VALUES('','2022-03-18','P004','FI00002','7:00','10:03','NV00001')
INSERT INTO SUATCHIEU VALUES('','2022-03-18','P004','FI00004','10:10','12:02','NV00001')
INSERT INTO SUATCHIEU VALUES('','2022-03-18','P004','FI00001','12:10','13:51','NV00001')
INSERT INTO SUATCHIEU VALUES('','2022-03-18','P004','FI00009','14:00','16:10','NV00001')
INSERT INTO SUATCHIEU VALUES('','2022-03-18','P004','FI00003','16:20','17:59','NV00001')
INSERT INTO SUATCHIEU VALUES('','2022-03-18','P004','FI00002','18:10','21:13','NV00001')
INSERT INTO SUATCHIEU VALUES('','2022-03-18','P004','FI00004','21:20','23:12','NV00001')
INSERT INTO SUATCHIEU VALUES('','2022-03-18','P004','FI00001','23:20','1:01','NV00001')

INSERT INTO SUATCHIEU VALUES('','2022-03-18','P005','FI00003','7:00','8:39','NV00001')
INSERT INTO SUATCHIEU VALUES('','2022-03-18','P005','FI00001','8:50','10:31','NV00001')
INSERT INTO SUATCHIEU VALUES('','2022-03-18','P005','FI00009','10:40','12:50','NV00001')
INSERT INTO SUATCHIEU VALUES('','2022-03-18','P005','FI00002','13:00','16:03','NV00001')
INSERT INTO SUATCHIEU VALUES('','2022-03-18','P005','FI00004','16:10','18:02','NV00001')
INSERT INTO SUATCHIEU VALUES('','2022-03-18','P005','FI00003','18:10','19:49','NV00001')
INSERT INTO SUATCHIEU VALUES('','2022-03-18','P005','FI00001','20:00','21:41','NV00001')
INSERT INTO SUATCHIEU VALUES('','2022-03-18','P005','FI00009','21:50','0:00','NV00001')

-- Ngày 19
INSERT INTO SUATCHIEU VALUES('','2022-03-19','P001','FI00003','7:00','8:39','NV00001')
INSERT INTO SUATCHIEU VALUES('','2022-03-19','P001','FI00001','8:50','10:31','NV00001')
INSERT INTO SUATCHIEU VALUES('','2022-03-19','P001','FI00009','10:40','12:50','NV00001')
INSERT INTO SUATCHIEU VALUES('','2022-03-19','P001','FI00002','13:00','16:03','NV00001')
INSERT INTO SUATCHIEU VALUES('','2022-03-19','P001','FI00004','16:10','18:02','NV00001')
INSERT INTO SUATCHIEU VALUES('','2022-03-19','P001','FI00003','18:10','19:49','NV00001')
INSERT INTO SUATCHIEU VALUES('','2022-03-19','P001','FI00001','20:00','21:41','NV00001')
INSERT INTO SUATCHIEU VALUES('','2022-03-19','P001','FI00009','21:50','0:00','NV00001')

INSERT INTO SUATCHIEU VALUES('','2022-03-19','P002','FI00002','7:00','10:03','NV00001')
INSERT INTO SUATCHIEU VALUES('','2022-03-19','P002','FI00004','10:10','12:02','NV00001')
INSERT INTO SUATCHIEU VALUES('','2022-03-19','P002','FI00001','12:10','13:51','NV00001')
INSERT INTO SUATCHIEU VALUES('','2022-03-19','P002','FI00009','14:00','16:10','NV00001')
INSERT INTO SUATCHIEU VALUES('','2022-03-19','P002','FI00003','16:20','17:59','NV00001')
INSERT INTO SUATCHIEU VALUES('','2022-03-19','P002','FI00002','18:10','21:13','NV00001')
INSERT INTO SUATCHIEU VALUES('','2022-03-19','P002','FI00004','21:20','23:12','NV00001')
INSERT INTO SUATCHIEU VALUES('','2022-03-19','P002','FI00001','23:20','1:01','NV00001')

INSERT INTO SUATCHIEU VALUES('','2022-03-19','P003','FI00003','7:00','8:39','NV00001')
INSERT INTO SUATCHIEU VALUES('','2022-03-19','P003','FI00001','8:50','10:31','NV00001')
INSERT INTO SUATCHIEU VALUES('','2022-03-19','P003','FI00009','10:40','12:50','NV00001')
INSERT INTO SUATCHIEU VALUES('','2022-03-19','P003','FI00002','13:00','16:03','NV00001')
INSERT INTO SUATCHIEU VALUES('','2022-03-19','P003','FI00004','16:10','18:02','NV00001')
INSERT INTO SUATCHIEU VALUES('','2022-03-19','P003','FI00003','18:10','19:49','NV00001')
INSERT INTO SUATCHIEU VALUES('','2022-03-19','P003','FI00001','20:00','21:41','NV00001')
INSERT INTO SUATCHIEU VALUES('','2022-03-19','P003','FI00009','21:50','0:00','NV00001')

INSERT INTO SUATCHIEU VALUES('','2022-03-19','P004','FI00002','7:00','10:03','NV00001')
INSERT INTO SUATCHIEU VALUES('','2022-03-19','P004','FI00004','10:10','12:02','NV00001')
INSERT INTO SUATCHIEU VALUES('','2022-03-19','P004','FI00001','12:10','13:51','NV00001')
INSERT INTO SUATCHIEU VALUES('','2022-03-19','P004','FI00009','14:00','16:10','NV00001')
INSERT INTO SUATCHIEU VALUES('','2022-03-19','P004','FI00003','16:20','17:59','NV00001')
INSERT INTO SUATCHIEU VALUES('','2022-03-19','P004','FI00002','18:10','21:13','NV00001')
INSERT INTO SUATCHIEU VALUES('','2022-03-19','P004','FI00004','21:20','23:12','NV00001')
INSERT INTO SUATCHIEU VALUES('','2022-03-19','P004','FI00001','23:20','1:01','NV00001')

INSERT INTO SUATCHIEU VALUES('','2022-03-19','P005','FI00003','7:00','8:39','NV00001')
INSERT INTO SUATCHIEU VALUES('','2022-03-19','P005','FI00001','8:50','10:31','NV00001')
INSERT INTO SUATCHIEU VALUES('','2022-03-19','P005','FI00009','10:40','12:50','NV00001')
INSERT INTO SUATCHIEU VALUES('','2022-03-19','P005','FI00002','13:00','16:03','NV00001')
INSERT INTO SUATCHIEU VALUES('','2022-03-19','P005','FI00004','16:10','18:02','NV00001')
INSERT INTO SUATCHIEU VALUES('','2022-03-19','P005','FI00003','18:10','19:49','NV00001')
INSERT INTO SUATCHIEU VALUES('','2022-03-19','P005','FI00001','20:00','21:41','NV00001')
INSERT INTO SUATCHIEU VALUES('','2022-03-19','P005','FI00009','21:50','0:00','NV00001')

--  Ngày 20
INSERT INTO SUATCHIEU VALUES('','2022-03-20','P001','FI00003','7:00','8:39','NV00001')
INSERT INTO SUATCHIEU VALUES('','2022-03-20','P001','FI00001','8:50','10:31','NV00001')
INSERT INTO SUATCHIEU VALUES('','2022-03-20','P001','FI00009','10:40','12:50','NV00001')
INSERT INTO SUATCHIEU VALUES('','2022-03-20','P001','FI00002','13:00','16:03','NV00001')
INSERT INTO SUATCHIEU VALUES('','2022-03-20','P001','FI00004','16:10','18:02','NV00001')
INSERT INTO SUATCHIEU VALUES('','2022-03-20','P001','FI00003','18:10','19:49','NV00001')
INSERT INTO SUATCHIEU VALUES('','2022-03-20','P001','FI00001','20:00','21:41','NV00001')
INSERT INTO SUATCHIEU VALUES('','2022-03-20','P001','FI00009','21:50','0:00','NV00001')

INSERT INTO SUATCHIEU VALUES('','2022-03-20','P002','FI00002','7:00','10:03','NV00001')
INSERT INTO SUATCHIEU VALUES('','2022-03-20','P002','FI00004','10:10','12:02','NV00001')
INSERT INTO SUATCHIEU VALUES('','2022-03-20','P002','FI00001','12:10','13:51','NV00001')
INSERT INTO SUATCHIEU VALUES('','2022-03-20','P002','FI00009','14:00','16:10','NV00001')
INSERT INTO SUATCHIEU VALUES('','2022-03-20','P002','FI00003','16:20','17:59','NV00001')
INSERT INTO SUATCHIEU VALUES('','2022-03-20','P002','FI00002','18:10','21:13','NV00001')
INSERT INTO SUATCHIEU VALUES('','2022-03-20','P002','FI00004','21:20','23:12','NV00001')
INSERT INTO SUATCHIEU VALUES('','2022-03-20','P002','FI00001','23:20','1:01','NV00001')

INSERT INTO SUATCHIEU VALUES('','2022-03-20','P003','FI00003','7:00','8:39','NV00001')
INSERT INTO SUATCHIEU VALUES('','2022-03-20','P003','FI00001','8:50','10:31','NV00001')
INSERT INTO SUATCHIEU VALUES('','2022-03-20','P003','FI00009','10:40','12:50','NV00001')
INSERT INTO SUATCHIEU VALUES('','2022-03-20','P003','FI00002','13:00','16:03','NV00001')
INSERT INTO SUATCHIEU VALUES('','2022-03-20','P003','FI00004','16:10','18:02','NV00001')
INSERT INTO SUATCHIEU VALUES('','2022-03-20','P003','FI00003','18:10','19:49','NV00001')
INSERT INTO SUATCHIEU VALUES('','2022-03-20','P003','FI00001','20:00','21:41','NV00001')
INSERT INTO SUATCHIEU VALUES('','2022-03-20','P003','FI00009','21:50','0:00','NV00001')

INSERT INTO SUATCHIEU VALUES('','2022-03-20','P004','FI00002','7:00','10:03','NV00001')
INSERT INTO SUATCHIEU VALUES('','2022-03-20','P004','FI00004','10:10','12:02','NV00001')
INSERT INTO SUATCHIEU VALUES('','2022-03-20','P004','FI00001','12:10','13:51','NV00001')
INSERT INTO SUATCHIEU VALUES('','2022-03-20','P004','FI00009','14:00','16:10','NV00001')
INSERT INTO SUATCHIEU VALUES('','2022-03-20','P004','FI00003','16:20','17:59','NV00001')
INSERT INTO SUATCHIEU VALUES('','2022-03-20','P004','FI00002','18:10','21:13','NV00001')
INSERT INTO SUATCHIEU VALUES('','2022-03-20','P004','FI00004','21:20','23:12','NV00001')
INSERT INTO SUATCHIEU VALUES('','2022-03-20','P004','FI00001','23:20','1:01','NV00001')

INSERT INTO SUATCHIEU VALUES('','2022-03-20','P005','FI00003','7:00','8:39','NV00001')
INSERT INTO SUATCHIEU VALUES('','2022-03-20','P005','FI00001','8:50','10:31','NV00001')
INSERT INTO SUATCHIEU VALUES('','2022-03-20','P005','FI00009','10:40','12:50','NV00001')
INSERT INTO SUATCHIEU VALUES('','2022-03-20','P005','FI00002','13:00','16:03','NV00001')
INSERT INTO SUATCHIEU VALUES('','2022-03-20','P005','FI00004','16:10','18:02','NV00001')
INSERT INTO SUATCHIEU VALUES('','2022-03-20','P005','FI00003','18:10','19:49','NV00001')
INSERT INTO SUATCHIEU VALUES('','2022-03-20','P005','FI00001','20:00','21:41','NV00001')
INSERT INTO SUATCHIEU VALUES('','2022-03-20','P005','FI00009','21:50','0:00','NV00001')
GO


--THEM LOAIGHE 
INSERT INTO LOAIGHE VALUES ('TH',30,N'Ghế thường'), ('VP',40,N'Ghế vip')
GO


--THEM GHE------------------------------------
insert into GHE(VITRIDAY, VITRICOT, ID_PHONGCHIEU, ID_LOAIGHE) values
(1, 1, 'P001', 'TH')
insert into GHE(VITRIDAY, VITRICOT, ID_PHONGCHIEU, ID_LOAIGHE) values
(1, 2, 'P001', 'TH')
insert into GHE(VITRIDAY, VITRICOT, ID_PHONGCHIEU, ID_LOAIGHE) values
(1, 3, 'P001', 'TH')
insert into GHE(VITRIDAY, VITRICOT, ID_PHONGCHIEU, ID_LOAIGHE) values
(1, 4, 'P001', 'TH')
insert into GHE(VITRIDAY, VITRICOT, ID_PHONGCHIEU, ID_LOAIGHE) values
(1, 5, 'P001', 'TH')
insert into GHE(VITRIDAY, VITRICOT, ID_PHONGCHIEU, ID_LOAIGHE) values
(1, 6, 'P001', 'TH')
insert into GHE(VITRIDAY, VITRICOT, ID_PHONGCHIEU, ID_LOAIGHE) values
(1, 7, 'P001', 'TH')
insert into GHE(VITRIDAY, VITRICOT, ID_PHONGCHIEU, ID_LOAIGHE) values
(1, 8, 'P001', 'TH')
insert into GHE(VITRIDAY, VITRICOT, ID_PHONGCHIEU, ID_LOAIGHE) values
(1, 9, 'P001', 'TH')
insert into GHE(VITRIDAY, VITRICOT, ID_PHONGCHIEU, ID_LOAIGHE) values
(1, 10, 'P001', 'TH')
insert into GHE(VITRIDAY, VITRICOT, ID_PHONGCHIEU, ID_LOAIGHE) values
(1, 11, 'P001', 'TH')
insert into GHE(VITRIDAY, VITRICOT, ID_PHONGCHIEU, ID_LOAIGHE) values
(1, 12, 'P001', 'TH')
GO

-- PHONG 1 DAY 2
insert into GHE(VITRIDAY, VITRICOT, ID_PHONGCHIEU, ID_LOAIGHE) values
(2, 1, 'P001', 'TH')
insert into GHE(VITRIDAY, VITRICOT, ID_PHONGCHIEU, ID_LOAIGHE) values
(2, 2, 'P001', 'TH')
insert into GHE(VITRIDAY, VITRICOT, ID_PHONGCHIEU, ID_LOAIGHE) values
(2, 3, 'P001', 'TH')
insert into GHE(VITRIDAY, VITRICOT, ID_PHONGCHIEU, ID_LOAIGHE) values
(2, 4, 'P001', 'TH')
insert into GHE(VITRIDAY, VITRICOT, ID_PHONGCHIEU, ID_LOAIGHE) values
(2, 5, 'P001', 'VP')
insert into GHE(VITRIDAY, VITRICOT, ID_PHONGCHIEU, ID_LOAIGHE) values
(2, 6, 'P001', 'VP')
insert into GHE(VITRIDAY, VITRICOT, ID_PHONGCHIEU, ID_LOAIGHE) values
(2, 7, 'P001', 'VP')
insert into GHE(VITRIDAY, VITRICOT, ID_PHONGCHIEU, ID_LOAIGHE) values
(2, 8, 'P001', 'VP')
insert into GHE(VITRIDAY, VITRICOT, ID_PHONGCHIEU, ID_LOAIGHE) values
(2, 9, 'P001', 'TH')
insert into GHE(VITRIDAY, VITRICOT, ID_PHONGCHIEU, ID_LOAIGHE) values
(2, 10, 'P001', 'TH')
insert into GHE(VITRIDAY, VITRICOT, ID_PHONGCHIEU, ID_LOAIGHE) values
(2, 11, 'P001', 'TH')
insert into GHE(VITRIDAY, VITRICOT, ID_PHONGCHIEU, ID_LOAIGHE) values
(2, 12, 'P001', 'TH')

GO
-- PHONG 1 DAY 3
insert into GHE(VITRIDAY, VITRICOT, ID_PHONGCHIEU, ID_LOAIGHE) values
(3, 1, 'P001', 'TH')
insert into GHE(VITRIDAY, VITRICOT, ID_PHONGCHIEU, ID_LOAIGHE) values
(3, 2, 'P001', 'TH')
insert into GHE(VITRIDAY, VITRICOT, ID_PHONGCHIEU, ID_LOAIGHE) values
(3, 3, 'P001', 'TH')
insert into GHE(VITRIDAY, VITRICOT, ID_PHONGCHIEU, ID_LOAIGHE) values
(3, 4, 'P001', 'TH')
insert into GHE(VITRIDAY, VITRICOT, ID_PHONGCHIEU, ID_LOAIGHE) values
(3, 5, 'P001', 'VP')
insert into GHE(VITRIDAY, VITRICOT, ID_PHONGCHIEU, ID_LOAIGHE) values
(3, 6, 'P001', 'VP')
insert into GHE(VITRIDAY, VITRICOT, ID_PHONGCHIEU, ID_LOAIGHE) values
(3, 7, 'P001', 'VP')
insert into GHE(VITRIDAY, VITRICOT, ID_PHONGCHIEU, ID_LOAIGHE) values
(3, 8, 'P001', 'VP')
insert into GHE(VITRIDAY, VITRICOT, ID_PHONGCHIEU, ID_LOAIGHE) values
(3, 9, 'P001', 'TH')
insert into GHE(VITRIDAY, VITRICOT, ID_PHONGCHIEU, ID_LOAIGHE) values
(3, 10, 'P001', 'TH')
insert into GHE(VITRIDAY, VITRICOT, ID_PHONGCHIEU, ID_LOAIGHE) values
(3, 11, 'P001', 'TH')
insert into GHE(VITRIDAY, VITRICOT, ID_PHONGCHIEU, ID_LOAIGHE) values
(3, 12, 'P001', 'TH')
GO

-- PHONG 1 DAY 4
insert into GHE(VITRIDAY, VITRICOT, ID_PHONGCHIEU, ID_LOAIGHE) values
(4, 1, 'P001', 'TH')
insert into GHE(VITRIDAY, VITRICOT, ID_PHONGCHIEU, ID_LOAIGHE) values
(4, 2, 'P001', 'TH')
insert into GHE(VITRIDAY, VITRICOT, ID_PHONGCHIEU, ID_LOAIGHE) values
(4, 3, 'P001', 'TH')
insert into GHE(VITRIDAY, VITRICOT, ID_PHONGCHIEU, ID_LOAIGHE) values
(4, 4, 'P001', 'TH')
insert into GHE(VITRIDAY, VITRICOT, ID_PHONGCHIEU, ID_LOAIGHE) values
(4, 5, 'P001', 'VP')
insert into GHE(VITRIDAY, VITRICOT, ID_PHONGCHIEU, ID_LOAIGHE) values
(4, 6, 'P001', 'VP')
insert into GHE(VITRIDAY, VITRICOT, ID_PHONGCHIEU, ID_LOAIGHE) values
(4, 7, 'P001', 'VP')
insert into GHE(VITRIDAY, VITRICOT, ID_PHONGCHIEU, ID_LOAIGHE) values
(4, 8, 'P001', 'VP')
insert into GHE(VITRIDAY, VITRICOT, ID_PHONGCHIEU, ID_LOAIGHE) values
(4, 9, 'P001', 'TH')
insert into GHE(VITRIDAY, VITRICOT, ID_PHONGCHIEU, ID_LOAIGHE) values
(4, 10, 'P001', 'TH')
insert into GHE(VITRIDAY, VITRICOT, ID_PHONGCHIEU, ID_LOAIGHE) values
(4, 11, 'P001', 'TH')
insert into GHE(VITRIDAY, VITRICOT, ID_PHONGCHIEU, ID_LOAIGHE) values
(4, 12, 'P001', 'TH')
GO

-- PHONG 1 DAY 5
insert into GHE(VITRIDAY, VITRICOT, ID_PHONGCHIEU, ID_LOAIGHE) values
(5, 1, 'P001', 'TH')
insert into GHE(VITRIDAY, VITRICOT, ID_PHONGCHIEU, ID_LOAIGHE) values
(5, 2, 'P001', 'TH')
insert into GHE(VITRIDAY, VITRICOT, ID_PHONGCHIEU, ID_LOAIGHE) values
(5, 3, 'P001', 'TH')
insert into GHE(VITRIDAY, VITRICOT, ID_PHONGCHIEU, ID_LOAIGHE) values
(5, 4, 'P001', 'TH')
insert into GHE(VITRIDAY, VITRICOT, ID_PHONGCHIEU, ID_LOAIGHE) values
(5, 5, 'P001', 'TH')
insert into GHE(VITRIDAY, VITRICOT, ID_PHONGCHIEU, ID_LOAIGHE) values
(5, 6, 'P001', 'TH')
insert into GHE(VITRIDAY, VITRICOT, ID_PHONGCHIEU, ID_LOAIGHE) values
(5, 7, 'P001', 'TH')
insert into GHE(VITRIDAY, VITRICOT, ID_PHONGCHIEU, ID_LOAIGHE) values
(5, 8, 'P001', 'TH')
insert into GHE(VITRIDAY, VITRICOT, ID_PHONGCHIEU, ID_LOAIGHE) values
(5, 9, 'P001', 'TH')
insert into GHE(VITRIDAY, VITRICOT, ID_PHONGCHIEU, ID_LOAIGHE) values
(5, 10, 'P001', 'TH')
insert into GHE(VITRIDAY, VITRICOT, ID_PHONGCHIEU, ID_LOAIGHE) values
(5, 11, 'P001', 'TH')
insert into GHE(VITRIDAY, VITRICOT, ID_PHONGCHIEU, ID_LOAIGHE) values
(5, 12, 'P001', 'TH')
GO

------------------------------
-- PHONG 2 DAY 1

insert into GHE(VITRIDAY, VITRICOT, ID_PHONGCHIEU, ID_LOAIGHE) values
(1, 1, 'P002', 'TH')
insert into GHE(VITRIDAY, VITRICOT, ID_PHONGCHIEU, ID_LOAIGHE) values
(1, 2, 'P002', 'TH')
insert into GHE(VITRIDAY, VITRICOT, ID_PHONGCHIEU, ID_LOAIGHE) values
(1, 3, 'P002', 'TH')
insert into GHE(VITRIDAY, VITRICOT, ID_PHONGCHIEU, ID_LOAIGHE) values
(1, 4, 'P002', 'TH')
insert into GHE(VITRIDAY, VITRICOT, ID_PHONGCHIEU, ID_LOAIGHE) values
(1, 5, 'P002', 'TH')
insert into GHE(VITRIDAY, VITRICOT, ID_PHONGCHIEU, ID_LOAIGHE) values
(1, 6, 'P002', 'TH')
insert into GHE(VITRIDAY, VITRICOT, ID_PHONGCHIEU, ID_LOAIGHE) values
(1, 7, 'P002', 'TH')
insert into GHE(VITRIDAY, VITRICOT, ID_PHONGCHIEU, ID_LOAIGHE) values
(1, 8, 'P002', 'TH')
insert into GHE(VITRIDAY, VITRICOT, ID_PHONGCHIEU, ID_LOAIGHE) values
(1, 9, 'P002', 'TH')
insert into GHE(VITRIDAY, VITRICOT, ID_PHONGCHIEU, ID_LOAIGHE) values
(1, 10, 'P002', 'TH')
insert into GHE(VITRIDAY, VITRICOT, ID_PHONGCHIEU, ID_LOAIGHE) values
(1, 11, 'P002', 'TH')
insert into GHE(VITRIDAY, VITRICOT, ID_PHONGCHIEU, ID_LOAIGHE) values
(1, 12, 'P002', 'TH')
GO

-- PHONG 2 DAY 2
insert into GHE(VITRIDAY, VITRICOT, ID_PHONGCHIEU, ID_LOAIGHE) values
(2, 1, 'P002', 'TH')
insert into GHE(VITRIDAY, VITRICOT, ID_PHONGCHIEU, ID_LOAIGHE) values
(2, 2, 'P002', 'TH')
insert into GHE(VITRIDAY, VITRICOT, ID_PHONGCHIEU, ID_LOAIGHE) values
(2, 3, 'P002', 'TH')
insert into GHE(VITRIDAY, VITRICOT, ID_PHONGCHIEU, ID_LOAIGHE) values
(2, 4, 'P002', 'TH')
insert into GHE(VITRIDAY, VITRICOT, ID_PHONGCHIEU, ID_LOAIGHE) values
(2, 5, 'P002', 'VP')
insert into GHE(VITRIDAY, VITRICOT, ID_PHONGCHIEU, ID_LOAIGHE) values
(2, 6, 'P002', 'VP')
insert into GHE(VITRIDAY, VITRICOT, ID_PHONGCHIEU, ID_LOAIGHE) values
(2, 7, 'P002', 'VP')
insert into GHE(VITRIDAY, VITRICOT, ID_PHONGCHIEU, ID_LOAIGHE) values
(2, 8, 'P002', 'VP')
insert into GHE(VITRIDAY, VITRICOT, ID_PHONGCHIEU, ID_LOAIGHE) values
(2, 9, 'P002', 'TH')
insert into GHE(VITRIDAY, VITRICOT, ID_PHONGCHIEU, ID_LOAIGHE) values
(2, 10, 'P002', 'TH')
insert into GHE(VITRIDAY, VITRICOT, ID_PHONGCHIEU, ID_LOAIGHE) values
(2, 11, 'P002', 'TH')
insert into GHE(VITRIDAY, VITRICOT, ID_PHONGCHIEU, ID_LOAIGHE) values
(2, 12, 'P002', 'TH')
GO

-- PHONG 2 DAY 3
insert into GHE(VITRIDAY, VITRICOT, ID_PHONGCHIEU, ID_LOAIGHE) values
(3, 1, 'P002', 'TH')
insert into GHE(VITRIDAY, VITRICOT, ID_PHONGCHIEU, ID_LOAIGHE) values
(3, 2, 'P002', 'TH')
insert into GHE(VITRIDAY, VITRICOT, ID_PHONGCHIEU, ID_LOAIGHE) values
(3, 3, 'P002', 'TH')
insert into GHE(VITRIDAY, VITRICOT, ID_PHONGCHIEU, ID_LOAIGHE) values
(3, 4, 'P002', 'TH')
insert into GHE(VITRIDAY, VITRICOT, ID_PHONGCHIEU, ID_LOAIGHE) values
(3, 5, 'P002', 'VP')
insert into GHE(VITRIDAY, VITRICOT, ID_PHONGCHIEU, ID_LOAIGHE) values
(3, 6, 'P002', 'VP')
insert into GHE(VITRIDAY, VITRICOT, ID_PHONGCHIEU, ID_LOAIGHE) values
(3, 7, 'P002', 'VP')
insert into GHE(VITRIDAY, VITRICOT, ID_PHONGCHIEU, ID_LOAIGHE) values
(3, 8, 'P002', 'VP')
insert into GHE(VITRIDAY, VITRICOT, ID_PHONGCHIEU, ID_LOAIGHE) values
(3, 9, 'P002', 'TH')
insert into GHE(VITRIDAY, VITRICOT, ID_PHONGCHIEU, ID_LOAIGHE) values
(3, 10, 'P002', 'TH')
insert into GHE(VITRIDAY, VITRICOT, ID_PHONGCHIEU, ID_LOAIGHE) values
(3, 11, 'P002', 'TH')
insert into GHE(VITRIDAY, VITRICOT, ID_PHONGCHIEU, ID_LOAIGHE) values
(3, 12, 'P002', 'TH')
GO

-- PHONG 2 DAY 4
insert into GHE(VITRIDAY, VITRICOT, ID_PHONGCHIEU, ID_LOAIGHE) values
(4, 1, 'P002', 'TH')
insert into GHE(VITRIDAY, VITRICOT, ID_PHONGCHIEU, ID_LOAIGHE) values
(4, 2, 'P002', 'TH')
insert into GHE(VITRIDAY, VITRICOT, ID_PHONGCHIEU, ID_LOAIGHE) values
(4, 3, 'P002', 'TH')
insert into GHE(VITRIDAY, VITRICOT, ID_PHONGCHIEU, ID_LOAIGHE) values
(4, 4, 'P002', 'TH')
insert into GHE(VITRIDAY, VITRICOT, ID_PHONGCHIEU, ID_LOAIGHE) values
(4, 5, 'P002', 'VP')
insert into GHE(VITRIDAY, VITRICOT, ID_PHONGCHIEU, ID_LOAIGHE) values
(4, 6, 'P002', 'VP')
insert into GHE(VITRIDAY, VITRICOT, ID_PHONGCHIEU, ID_LOAIGHE) values
(4, 7, 'P002', 'VP')
insert into GHE(VITRIDAY, VITRICOT, ID_PHONGCHIEU, ID_LOAIGHE) values
(4, 8, 'P002', 'VP')
insert into GHE(VITRIDAY, VITRICOT, ID_PHONGCHIEU, ID_LOAIGHE) values
(4, 9, 'P002', 'TH')
insert into GHE(VITRIDAY, VITRICOT, ID_PHONGCHIEU, ID_LOAIGHE) values
(4, 10, 'P002', 'TH')
insert into GHE(VITRIDAY, VITRICOT, ID_PHONGCHIEU, ID_LOAIGHE) values
(4, 11, 'P002', 'TH')
insert into GHE(VITRIDAY, VITRICOT, ID_PHONGCHIEU, ID_LOAIGHE) values
(4, 12, 'P002', 'TH')
GO

-- PHONG 2 DAY 5
insert into GHE(VITRIDAY, VITRICOT, ID_PHONGCHIEU, ID_LOAIGHE) values
(5, 1, 'P002', 'TH')
insert into GHE(VITRIDAY, VITRICOT, ID_PHONGCHIEU, ID_LOAIGHE) values
(5, 2, 'P002', 'TH')
insert into GHE(VITRIDAY, VITRICOT, ID_PHONGCHIEU, ID_LOAIGHE) values
(5, 3, 'P002', 'TH')
insert into GHE(VITRIDAY, VITRICOT, ID_PHONGCHIEU, ID_LOAIGHE) values
(5, 4, 'P002', 'TH')
insert into GHE(VITRIDAY, VITRICOT, ID_PHONGCHIEU, ID_LOAIGHE) values
(5, 5, 'P002', 'TH')
insert into GHE(VITRIDAY, VITRICOT, ID_PHONGCHIEU, ID_LOAIGHE) values
(5, 6, 'P002', 'TH')
insert into GHE(VITRIDAY, VITRICOT, ID_PHONGCHIEU, ID_LOAIGHE) values
(5, 7, 'P002', 'TH')
insert into GHE(VITRIDAY, VITRICOT, ID_PHONGCHIEU, ID_LOAIGHE) values
(5, 8, 'P002', 'TH')
insert into GHE(VITRIDAY, VITRICOT, ID_PHONGCHIEU, ID_LOAIGHE) values
(5, 9, 'P002', 'TH')
insert into GHE(VITRIDAY, VITRICOT, ID_PHONGCHIEU, ID_LOAIGHE) values
(5, 10, 'P002', 'TH')
insert into GHE(VITRIDAY, VITRICOT, ID_PHONGCHIEU, ID_LOAIGHE) values
(5, 11, 'P002', 'TH')
insert into GHE(VITRIDAY, VITRICOT, ID_PHONGCHIEU, ID_LOAIGHE) values
(5, 12, 'P002', 'TH')
GO

------------------------------
-- PHONG 3 DAY 1

insert into GHE(VITRIDAY, VITRICOT, ID_PHONGCHIEU, ID_LOAIGHE) values
(1, 1, 'P003', 'TH')
insert into GHE(VITRIDAY, VITRICOT, ID_PHONGCHIEU, ID_LOAIGHE) values
(1, 2, 'P003', 'TH')
insert into GHE(VITRIDAY, VITRICOT, ID_PHONGCHIEU, ID_LOAIGHE) values
(1, 3, 'P003', 'TH')
insert into GHE(VITRIDAY, VITRICOT, ID_PHONGCHIEU, ID_LOAIGHE) values
(1, 4, 'P003', 'TH')
insert into GHE(VITRIDAY, VITRICOT, ID_PHONGCHIEU, ID_LOAIGHE) values
(1, 5, 'P003', 'TH')
insert into GHE(VITRIDAY, VITRICOT, ID_PHONGCHIEU, ID_LOAIGHE) values
(1, 6, 'P003', 'TH')
insert into GHE(VITRIDAY, VITRICOT, ID_PHONGCHIEU, ID_LOAIGHE) values
(1, 7, 'P003', 'TH')
insert into GHE(VITRIDAY, VITRICOT, ID_PHONGCHIEU, ID_LOAIGHE) values
(1, 8, 'P003', 'TH')
insert into GHE(VITRIDAY, VITRICOT, ID_PHONGCHIEU, ID_LOAIGHE) values
(1, 9, 'P003', 'TH')
insert into GHE(VITRIDAY, VITRICOT, ID_PHONGCHIEU, ID_LOAIGHE) values
(1, 10, 'P003', 'TH')
insert into GHE(VITRIDAY, VITRICOT, ID_PHONGCHIEU, ID_LOAIGHE) values
(1, 11, 'P003', 'TH')
insert into GHE(VITRIDAY, VITRICOT, ID_PHONGCHIEU, ID_LOAIGHE) values
(1, 12, 'P003', 'TH')
GO

-- PHONG 3 DAY 2
insert into GHE(VITRIDAY, VITRICOT, ID_PHONGCHIEU, ID_LOAIGHE) values
(2, 1, 'P003', 'TH')
insert into GHE(VITRIDAY, VITRICOT, ID_PHONGCHIEU, ID_LOAIGHE) values
(2, 2, 'P003', 'TH')
insert into GHE(VITRIDAY, VITRICOT, ID_PHONGCHIEU, ID_LOAIGHE) values
(2, 3, 'P003', 'TH')
insert into GHE(VITRIDAY, VITRICOT, ID_PHONGCHIEU, ID_LOAIGHE) values
(2, 4, 'P003', 'TH')
insert into GHE(VITRIDAY, VITRICOT, ID_PHONGCHIEU, ID_LOAIGHE) values
(2, 5, 'P003', 'VP')
insert into GHE(VITRIDAY, VITRICOT, ID_PHONGCHIEU, ID_LOAIGHE) values
(2, 6, 'P003', 'VP')
insert into GHE(VITRIDAY, VITRICOT, ID_PHONGCHIEU, ID_LOAIGHE) values
(2, 7, 'P003', 'VP')
insert into GHE(VITRIDAY, VITRICOT, ID_PHONGCHIEU, ID_LOAIGHE) values
(2, 8, 'P003', 'VP')
insert into GHE(VITRIDAY, VITRICOT, ID_PHONGCHIEU, ID_LOAIGHE) values
(2, 9, 'P003', 'TH')
insert into GHE(VITRIDAY, VITRICOT, ID_PHONGCHIEU, ID_LOAIGHE) values
(2, 10, 'P003', 'TH')
insert into GHE(VITRIDAY, VITRICOT, ID_PHONGCHIEU, ID_LOAIGHE) values
(2, 11, 'P003', 'TH')
insert into GHE(VITRIDAY, VITRICOT, ID_PHONGCHIEU, ID_LOAIGHE) values
(2, 12, 'P003', 'TH')
GO

-- PHONG 3 DAY 3
insert into GHE(VITRIDAY, VITRICOT, ID_PHONGCHIEU, ID_LOAIGHE) values
(3, 1, 'P003', 'TH')
insert into GHE(VITRIDAY, VITRICOT, ID_PHONGCHIEU, ID_LOAIGHE) values
(3, 2, 'P003', 'TH')
insert into GHE(VITRIDAY, VITRICOT, ID_PHONGCHIEU, ID_LOAIGHE) values
(3, 3, 'P003', 'TH')
insert into GHE(VITRIDAY, VITRICOT, ID_PHONGCHIEU, ID_LOAIGHE) values
(3, 4, 'P003', 'TH')
insert into GHE(VITRIDAY, VITRICOT, ID_PHONGCHIEU, ID_LOAIGHE) values
(3, 5, 'P003', 'VP')
insert into GHE(VITRIDAY, VITRICOT, ID_PHONGCHIEU, ID_LOAIGHE) values
(3, 6, 'P003', 'VP')
insert into GHE(VITRIDAY, VITRICOT, ID_PHONGCHIEU, ID_LOAIGHE) values
(3, 7, 'P003', 'VP')
insert into GHE(VITRIDAY, VITRICOT, ID_PHONGCHIEU, ID_LOAIGHE) values
(3, 8, 'P003', 'VP')
insert into GHE(VITRIDAY, VITRICOT, ID_PHONGCHIEU, ID_LOAIGHE) values
(3, 9, 'P003', 'TH')
insert into GHE(VITRIDAY, VITRICOT, ID_PHONGCHIEU, ID_LOAIGHE) values
(3, 10, 'P003', 'TH')
insert into GHE(VITRIDAY, VITRICOT, ID_PHONGCHIEU, ID_LOAIGHE) values
(3, 11, 'P003', 'TH')
insert into GHE(VITRIDAY, VITRICOT, ID_PHONGCHIEU, ID_LOAIGHE) values
(3, 12, 'P003', 'TH')
GO


-- PHONG 3 DAY 4
insert into GHE(VITRIDAY, VITRICOT, ID_PHONGCHIEU, ID_LOAIGHE) values
(4, 1, 'P003', 'TH')
insert into GHE(VITRIDAY, VITRICOT, ID_PHONGCHIEU, ID_LOAIGHE) values
(4, 2, 'P003', 'TH')
insert into GHE(VITRIDAY, VITRICOT, ID_PHONGCHIEU, ID_LOAIGHE) values
(4, 3, 'P003', 'TH')
insert into GHE(VITRIDAY, VITRICOT, ID_PHONGCHIEU, ID_LOAIGHE) values
(4, 4, 'P003', 'TH')
insert into GHE(VITRIDAY, VITRICOT, ID_PHONGCHIEU, ID_LOAIGHE) values
(4, 5, 'P003', 'VP')
insert into GHE(VITRIDAY, VITRICOT, ID_PHONGCHIEU, ID_LOAIGHE) values
(4, 6, 'P003', 'VP')
insert into GHE(VITRIDAY, VITRICOT, ID_PHONGCHIEU, ID_LOAIGHE) values
(4, 7, 'P003', 'VP')
insert into GHE(VITRIDAY, VITRICOT, ID_PHONGCHIEU, ID_LOAIGHE) values
(4, 8, 'P003', 'VP')
insert into GHE(VITRIDAY, VITRICOT, ID_PHONGCHIEU, ID_LOAIGHE) values
(4, 9, 'P003', 'TH')
insert into GHE(VITRIDAY, VITRICOT, ID_PHONGCHIEU, ID_LOAIGHE) values
(4, 10, 'P003', 'TH')
insert into GHE(VITRIDAY, VITRICOT, ID_PHONGCHIEU, ID_LOAIGHE) values
(4, 11, 'P003', 'TH')
insert into GHE(VITRIDAY, VITRICOT, ID_PHONGCHIEU, ID_LOAIGHE) values
(4, 12, 'P003', 'TH')
GO


-- PHONG 3 DAY 5
insert into GHE(VITRIDAY, VITRICOT, ID_PHONGCHIEU, ID_LOAIGHE) values
(5, 1, 'P003', 'TH')
insert into GHE(VITRIDAY, VITRICOT, ID_PHONGCHIEU, ID_LOAIGHE) values
(5, 2, 'P003', 'TH')
insert into GHE(VITRIDAY, VITRICOT, ID_PHONGCHIEU, ID_LOAIGHE) values
(5, 3, 'P003', 'TH')
insert into GHE(VITRIDAY, VITRICOT, ID_PHONGCHIEU, ID_LOAIGHE) values
(5, 4, 'P003', 'TH')
insert into GHE(VITRIDAY, VITRICOT, ID_PHONGCHIEU, ID_LOAIGHE) values
(5, 5, 'P003', 'TH')
insert into GHE(VITRIDAY, VITRICOT, ID_PHONGCHIEU, ID_LOAIGHE) values
(5, 6, 'P003', 'TH')
insert into GHE(VITRIDAY, VITRICOT, ID_PHONGCHIEU, ID_LOAIGHE) values
(5, 7, 'P003', 'TH')
insert into GHE(VITRIDAY, VITRICOT, ID_PHONGCHIEU, ID_LOAIGHE) values
(5, 8, 'P003', 'TH')
insert into GHE(VITRIDAY, VITRICOT, ID_PHONGCHIEU, ID_LOAIGHE) values
(5, 9, 'P003', 'TH')
insert into GHE(VITRIDAY, VITRICOT, ID_PHONGCHIEU, ID_LOAIGHE) values
(5, 10, 'P003', 'TH')
insert into GHE(VITRIDAY, VITRICOT, ID_PHONGCHIEU, ID_LOAIGHE) values
(5, 11, 'P003', 'TH')
insert into GHE(VITRIDAY, VITRICOT, ID_PHONGCHIEU, ID_LOAIGHE) values
(5, 12, 'P003', 'TH')
GO
-----------------


------------------------------
-- PHONG 4 DAY 1

insert into GHE(VITRIDAY, VITRICOT, ID_PHONGCHIEU, ID_LOAIGHE) values
(1, 1, 'P004', 'TH')
insert into GHE(VITRIDAY, VITRICOT, ID_PHONGCHIEU, ID_LOAIGHE) values
(1, 2, 'P004', 'TH')
insert into GHE(VITRIDAY, VITRICOT, ID_PHONGCHIEU, ID_LOAIGHE) values
(1, 3, 'P004', 'TH')
insert into GHE(VITRIDAY, VITRICOT, ID_PHONGCHIEU, ID_LOAIGHE) values
(1, 4, 'P004', 'TH')
insert into GHE(VITRIDAY, VITRICOT, ID_PHONGCHIEU, ID_LOAIGHE) values
(1, 5, 'P004', 'TH')
insert into GHE(VITRIDAY, VITRICOT, ID_PHONGCHIEU, ID_LOAIGHE) values
(1, 6, 'P004', 'TH')
insert into GHE(VITRIDAY, VITRICOT, ID_PHONGCHIEU, ID_LOAIGHE) values
(1, 7, 'P004', 'TH')
insert into GHE(VITRIDAY, VITRICOT, ID_PHONGCHIEU, ID_LOAIGHE) values
(1, 8, 'P004', 'TH')
insert into GHE(VITRIDAY, VITRICOT, ID_PHONGCHIEU, ID_LOAIGHE) values
(1, 9, 'P004', 'TH')
insert into GHE(VITRIDAY, VITRICOT, ID_PHONGCHIEU, ID_LOAIGHE) values
(1, 10, 'P004', 'TH')
insert into GHE(VITRIDAY, VITRICOT, ID_PHONGCHIEU, ID_LOAIGHE) values
(1, 11, 'P004', 'TH')
insert into GHE(VITRIDAY, VITRICOT, ID_PHONGCHIEU, ID_LOAIGHE) values
(1, 12, 'P004', 'TH')
GO


-- PHONG 4 DAY 2
insert into GHE(VITRIDAY, VITRICOT, ID_PHONGCHIEU, ID_LOAIGHE) values
(2, 1, 'P004', 'TH')
insert into GHE(VITRIDAY, VITRICOT, ID_PHONGCHIEU, ID_LOAIGHE) values
(2, 2, 'P004', 'TH')
insert into GHE(VITRIDAY, VITRICOT, ID_PHONGCHIEU, ID_LOAIGHE) values
(2, 3, 'P004', 'TH')
insert into GHE(VITRIDAY, VITRICOT, ID_PHONGCHIEU, ID_LOAIGHE) values
(2, 4, 'P004', 'TH')
insert into GHE(VITRIDAY, VITRICOT, ID_PHONGCHIEU, ID_LOAIGHE) values
(2, 5, 'P004', 'VP')
insert into GHE(VITRIDAY, VITRICOT, ID_PHONGCHIEU, ID_LOAIGHE) values
(2, 6, 'P004', 'VP')
insert into GHE(VITRIDAY, VITRICOT, ID_PHONGCHIEU, ID_LOAIGHE) values
(2, 7, 'P004', 'VP')
insert into GHE(VITRIDAY, VITRICOT, ID_PHONGCHIEU, ID_LOAIGHE) values
(2, 8, 'P004', 'VP')
insert into GHE(VITRIDAY, VITRICOT, ID_PHONGCHIEU, ID_LOAIGHE) values
(2, 9, 'P004', 'TH')
insert into GHE(VITRIDAY, VITRICOT, ID_PHONGCHIEU, ID_LOAIGHE) values
(2, 10, 'P004', 'TH')
insert into GHE(VITRIDAY, VITRICOT, ID_PHONGCHIEU, ID_LOAIGHE) values
(2, 11, 'P004', 'TH')
insert into GHE(VITRIDAY, VITRICOT, ID_PHONGCHIEU, ID_LOAIGHE) values
(2, 12, 'P004', 'TH')
GO


-- PHONG 4 DAY 3
insert into GHE(VITRIDAY, VITRICOT, ID_PHONGCHIEU, ID_LOAIGHE) values
(3, 1, 'P004', 'TH')
insert into GHE(VITRIDAY, VITRICOT, ID_PHONGCHIEU, ID_LOAIGHE) values
(3, 2, 'P004', 'TH')
insert into GHE(VITRIDAY, VITRICOT, ID_PHONGCHIEU, ID_LOAIGHE) values
(3, 3, 'P004', 'TH')
insert into GHE(VITRIDAY, VITRICOT, ID_PHONGCHIEU, ID_LOAIGHE) values
(3, 4, 'P004', 'TH')
insert into GHE(VITRIDAY, VITRICOT, ID_PHONGCHIEU, ID_LOAIGHE) values
(3, 5, 'P004', 'VP')
insert into GHE(VITRIDAY, VITRICOT, ID_PHONGCHIEU, ID_LOAIGHE) values
(3, 6, 'P004', 'VP')
insert into GHE(VITRIDAY, VITRICOT, ID_PHONGCHIEU, ID_LOAIGHE) values
(3, 7, 'P004', 'VP')
insert into GHE(VITRIDAY, VITRICOT, ID_PHONGCHIEU, ID_LOAIGHE) values
(3, 8, 'P004', 'VP')
insert into GHE(VITRIDAY, VITRICOT, ID_PHONGCHIEU, ID_LOAIGHE) values
(3, 9, 'P004', 'TH')
insert into GHE(VITRIDAY, VITRICOT, ID_PHONGCHIEU, ID_LOAIGHE) values
(3, 10, 'P004', 'TH')
insert into GHE(VITRIDAY, VITRICOT, ID_PHONGCHIEU, ID_LOAIGHE) values
(3, 11, 'P004', 'TH')
insert into GHE(VITRIDAY, VITRICOT, ID_PHONGCHIEU, ID_LOAIGHE) values
(3, 12, 'P004', 'TH')
GO


-- PHONG 4 DAY 4
insert into GHE(VITRIDAY, VITRICOT, ID_PHONGCHIEU, ID_LOAIGHE) values
(4, 1, 'P004', 'TH')
insert into GHE(VITRIDAY, VITRICOT, ID_PHONGCHIEU, ID_LOAIGHE) values
(4, 2, 'P004', 'TH')
insert into GHE(VITRIDAY, VITRICOT, ID_PHONGCHIEU, ID_LOAIGHE) values
(4, 3, 'P004', 'TH')
insert into GHE(VITRIDAY, VITRICOT, ID_PHONGCHIEU, ID_LOAIGHE) values
(4, 4, 'P004', 'TH')
insert into GHE(VITRIDAY, VITRICOT, ID_PHONGCHIEU, ID_LOAIGHE) values
(4, 5, 'P004', 'VP')
insert into GHE(VITRIDAY, VITRICOT, ID_PHONGCHIEU, ID_LOAIGHE) values
(4, 6, 'P004', 'VP')
insert into GHE(VITRIDAY, VITRICOT, ID_PHONGCHIEU, ID_LOAIGHE) values
(4, 7, 'P004', 'VP')
insert into GHE(VITRIDAY, VITRICOT, ID_PHONGCHIEU, ID_LOAIGHE) values
(4, 8, 'P004', 'VP')
insert into GHE(VITRIDAY, VITRICOT, ID_PHONGCHIEU, ID_LOAIGHE) values
(4, 9, 'P004', 'TH')
insert into GHE(VITRIDAY, VITRICOT, ID_PHONGCHIEU, ID_LOAIGHE) values
(4, 10, 'P004', 'TH')
insert into GHE(VITRIDAY, VITRICOT, ID_PHONGCHIEU, ID_LOAIGHE) values
(4, 11, 'P004', 'TH')
insert into GHE(VITRIDAY, VITRICOT, ID_PHONGCHIEU, ID_LOAIGHE) values
(4, 12, 'P004', 'TH')
GO


-- PHONG 4 DAY 5
insert into GHE(VITRIDAY, VITRICOT, ID_PHONGCHIEU, ID_LOAIGHE) values
(5, 1, 'P004', 'TH')
insert into GHE(VITRIDAY, VITRICOT, ID_PHONGCHIEU, ID_LOAIGHE) values
(5, 2, 'P004', 'TH')
insert into GHE(VITRIDAY, VITRICOT, ID_PHONGCHIEU, ID_LOAIGHE) values
(5, 3, 'P004', 'TH')
insert into GHE(VITRIDAY, VITRICOT, ID_PHONGCHIEU, ID_LOAIGHE) values
(5, 4, 'P004', 'TH')
insert into GHE(VITRIDAY, VITRICOT, ID_PHONGCHIEU, ID_LOAIGHE) values
(5, 5, 'P004', 'TH')
insert into GHE(VITRIDAY, VITRICOT, ID_PHONGCHIEU, ID_LOAIGHE) values
(5, 6, 'P004', 'TH')
insert into GHE(VITRIDAY, VITRICOT, ID_PHONGCHIEU, ID_LOAIGHE) values
(5, 7, 'P004', 'TH')
insert into GHE(VITRIDAY, VITRICOT, ID_PHONGCHIEU, ID_LOAIGHE) values
(5, 8, 'P004', 'TH')
insert into GHE(VITRIDAY, VITRICOT, ID_PHONGCHIEU, ID_LOAIGHE) values
(5, 9, 'P004', 'TH')
insert into GHE(VITRIDAY, VITRICOT, ID_PHONGCHIEU, ID_LOAIGHE) values
(5, 10, 'P004', 'TH')
insert into GHE(VITRIDAY, VITRICOT, ID_PHONGCHIEU, ID_LOAIGHE) values
(5, 11, 'P004', 'TH')
insert into GHE(VITRIDAY, VITRICOT, ID_PHONGCHIEU, ID_LOAIGHE) values
(5, 12, 'P004', 'TH')
GO


-----------------------------------------------
-- PHONG 5 DAY 1

insert into GHE(VITRIDAY, VITRICOT, ID_PHONGCHIEU, ID_LOAIGHE) values
(1, 1, 'P005', 'TH')
insert into GHE(VITRIDAY, VITRICOT, ID_PHONGCHIEU, ID_LOAIGHE) values
(1, 2, 'P005', 'TH')
insert into GHE(VITRIDAY, VITRICOT, ID_PHONGCHIEU, ID_LOAIGHE) values
(1, 3, 'P005', 'TH')
insert into GHE(VITRIDAY, VITRICOT, ID_PHONGCHIEU, ID_LOAIGHE) values
(1, 4, 'P005', 'TH')
insert into GHE(VITRIDAY, VITRICOT, ID_PHONGCHIEU, ID_LOAIGHE) values
(1, 5, 'P005', 'TH')
insert into GHE(VITRIDAY, VITRICOT, ID_PHONGCHIEU, ID_LOAIGHE) values
(1, 6, 'P005', 'TH')
insert into GHE(VITRIDAY, VITRICOT, ID_PHONGCHIEU, ID_LOAIGHE) values
(1, 7, 'P005', 'TH')
insert into GHE(VITRIDAY, VITRICOT, ID_PHONGCHIEU, ID_LOAIGHE) values
(1, 8, 'P005', 'TH')
insert into GHE(VITRIDAY, VITRICOT, ID_PHONGCHIEU, ID_LOAIGHE) values
(1, 9, 'P005', 'TH')
insert into GHE(VITRIDAY, VITRICOT, ID_PHONGCHIEU, ID_LOAIGHE) values
(1, 10, 'P005', 'TH')
insert into GHE(VITRIDAY, VITRICOT, ID_PHONGCHIEU, ID_LOAIGHE) values
(1, 11, 'P005', 'TH')
insert into GHE(VITRIDAY, VITRICOT, ID_PHONGCHIEU, ID_LOAIGHE) values
(1, 12, 'P005', 'TH')
GO


-- PHONG 5 DAY 2
insert into GHE(VITRIDAY, VITRICOT, ID_PHONGCHIEU, ID_LOAIGHE) values
(2, 1, 'P005', 'TH')
insert into GHE(VITRIDAY, VITRICOT, ID_PHONGCHIEU, ID_LOAIGHE) values
(2, 2, 'P005', 'TH')
insert into GHE(VITRIDAY, VITRICOT, ID_PHONGCHIEU, ID_LOAIGHE) values
(2, 3, 'P005', 'TH')
insert into GHE(VITRIDAY, VITRICOT, ID_PHONGCHIEU, ID_LOAIGHE) values
(2, 4, 'P005', 'TH')
insert into GHE(VITRIDAY, VITRICOT, ID_PHONGCHIEU, ID_LOAIGHE) values
(2, 5, 'P005', 'VP')
insert into GHE(VITRIDAY, VITRICOT, ID_PHONGCHIEU, ID_LOAIGHE) values
(2, 6, 'P005', 'VP')
insert into GHE(VITRIDAY, VITRICOT, ID_PHONGCHIEU, ID_LOAIGHE) values
(2, 7, 'P005', 'VP')
insert into GHE(VITRIDAY, VITRICOT, ID_PHONGCHIEU, ID_LOAIGHE) values
(2, 8, 'P005', 'VP')
insert into GHE(VITRIDAY, VITRICOT, ID_PHONGCHIEU, ID_LOAIGHE) values
(2, 9, 'P005', 'TH')
insert into GHE(VITRIDAY, VITRICOT, ID_PHONGCHIEU, ID_LOAIGHE) values
(2, 10, 'P005', 'TH')
insert into GHE(VITRIDAY, VITRICOT, ID_PHONGCHIEU, ID_LOAIGHE) values
(2, 11, 'P005', 'TH')
insert into GHE(VITRIDAY, VITRICOT, ID_PHONGCHIEU, ID_LOAIGHE) values
(2, 12, 'P005', 'TH')
GO

-- PHONG 5 DAY 3
insert into GHE(VITRIDAY, VITRICOT, ID_PHONGCHIEU, ID_LOAIGHE) values
(3, 1, 'P005', 'TH')
insert into GHE(VITRIDAY, VITRICOT, ID_PHONGCHIEU, ID_LOAIGHE) values
(3, 2, 'P005', 'TH')
insert into GHE(VITRIDAY, VITRICOT, ID_PHONGCHIEU, ID_LOAIGHE) values
(3, 3, 'P005', 'TH')
insert into GHE(VITRIDAY, VITRICOT, ID_PHONGCHIEU, ID_LOAIGHE) values
(3, 4, 'P005', 'TH')
insert into GHE(VITRIDAY, VITRICOT, ID_PHONGCHIEU, ID_LOAIGHE) values
(3, 5, 'P005', 'VP')
insert into GHE(VITRIDAY, VITRICOT, ID_PHONGCHIEU, ID_LOAIGHE) values
(3, 6, 'P005', 'VP')
insert into GHE(VITRIDAY, VITRICOT, ID_PHONGCHIEU, ID_LOAIGHE) values
(3, 7, 'P005', 'VP')
insert into GHE(VITRIDAY, VITRICOT, ID_PHONGCHIEU, ID_LOAIGHE) values
(3, 8, 'P005', 'VP')
insert into GHE(VITRIDAY, VITRICOT, ID_PHONGCHIEU, ID_LOAIGHE) values
(3, 9, 'P005', 'TH')
insert into GHE(VITRIDAY, VITRICOT, ID_PHONGCHIEU, ID_LOAIGHE) values
(3, 10, 'P005', 'TH')
insert into GHE(VITRIDAY, VITRICOT, ID_PHONGCHIEU, ID_LOAIGHE) values
(3, 11, 'P005', 'TH')
insert into GHE(VITRIDAY, VITRICOT, ID_PHONGCHIEU, ID_LOAIGHE) values
(3, 12, 'P005', 'TH')
GO

-- PHONG 5 DAY 4
insert into GHE(VITRIDAY, VITRICOT, ID_PHONGCHIEU, ID_LOAIGHE) values
(4, 1, 'P005', 'TH')
insert into GHE(VITRIDAY, VITRICOT, ID_PHONGCHIEU, ID_LOAIGHE) values
(4, 2, 'P005', 'TH')
insert into GHE(VITRIDAY, VITRICOT, ID_PHONGCHIEU, ID_LOAIGHE) values
(4, 3, 'P005', 'TH')
insert into GHE(VITRIDAY, VITRICOT, ID_PHONGCHIEU, ID_LOAIGHE) values
(4, 4, 'P005', 'TH')
insert into GHE(VITRIDAY, VITRICOT, ID_PHONGCHIEU, ID_LOAIGHE) values
(4, 5, 'P005', 'VP')
insert into GHE(VITRIDAY, VITRICOT, ID_PHONGCHIEU, ID_LOAIGHE) values
(4, 6, 'P005', 'VP')
insert into GHE(VITRIDAY, VITRICOT, ID_PHONGCHIEU, ID_LOAIGHE) values
(4, 7, 'P005', 'VP')
insert into GHE(VITRIDAY, VITRICOT, ID_PHONGCHIEU, ID_LOAIGHE) values
(4, 8, 'P005', 'VP')
insert into GHE(VITRIDAY, VITRICOT, ID_PHONGCHIEU, ID_LOAIGHE) values
(4, 9, 'P005', 'TH')
insert into GHE(VITRIDAY, VITRICOT, ID_PHONGCHIEU, ID_LOAIGHE) values
(4, 10, 'P005', 'TH')
insert into GHE(VITRIDAY, VITRICOT, ID_PHONGCHIEU, ID_LOAIGHE) values
(4, 11, 'P005', 'TH')
insert into GHE(VITRIDAY, VITRICOT, ID_PHONGCHIEU, ID_LOAIGHE) values
(4, 12, 'P005', 'TH')
GO

-- PHONG 5 DAY 5
insert into GHE(VITRIDAY, VITRICOT, ID_PHONGCHIEU, ID_LOAIGHE) values
(5, 1, 'P005', 'TH')
insert into GHE(VITRIDAY, VITRICOT, ID_PHONGCHIEU, ID_LOAIGHE) values
(5, 2, 'P005', 'TH')
insert into GHE(VITRIDAY, VITRICOT, ID_PHONGCHIEU, ID_LOAIGHE) values
(5, 3, 'P005', 'TH')
insert into GHE(VITRIDAY, VITRICOT, ID_PHONGCHIEU, ID_LOAIGHE) values
(5, 4, 'P005', 'TH')
insert into GHE(VITRIDAY, VITRICOT, ID_PHONGCHIEU, ID_LOAIGHE) values
(5, 5, 'P005', 'TH')
insert into GHE(VITRIDAY, VITRICOT, ID_PHONGCHIEU, ID_LOAIGHE) values
(5, 6, 'P005', 'TH')
insert into GHE(VITRIDAY, VITRICOT, ID_PHONGCHIEU, ID_LOAIGHE) values
(5, 7, 'P005', 'TH')
insert into GHE(VITRIDAY, VITRICOT, ID_PHONGCHIEU, ID_LOAIGHE) values
(5, 8, 'P005', 'TH')
insert into GHE(VITRIDAY, VITRICOT, ID_PHONGCHIEU, ID_LOAIGHE) values
(5, 9, 'P005', 'TH')
insert into GHE(VITRIDAY, VITRICOT, ID_PHONGCHIEU, ID_LOAIGHE) values
(5, 10, 'P005', 'TH')
insert into GHE(VITRIDAY, VITRICOT, ID_PHONGCHIEU, ID_LOAIGHE) values
(5, 11, 'P005', 'TH')
insert into GHE(VITRIDAY, VITRICOT, ID_PHONGCHIEU, ID_LOAIGHE) values
(5, 12, 'P005', 'TH')
GO



-- THÊM DỮ LIỆU LOẠI VÉ
INSERT INTO LOAIVE VALUES ('NL', N'Vé người lớn', 80)
INSERT INTO LOAIVE VALUES ('TE', N'Vé trẻ em', 60)
GO


-- THÊM DỮ LIỆU BẢNG ĐƠN VÉ
INSERT INTO DONVE VALUES('DV00001')	
INSERT INTO DONVE VALUES('DV00002')
INSERT INTO DONVE VALUES('DV00003')
INSERT INTO DONVE VALUES('DV00004')
INSERT INTO DONVE VALUES('DV00005')
INSERT INTO DONVE VALUES('DV00006')
INSERT INTO DONVE VALUES('DV00007')
INSERT INTO DONVE VALUES('DV00008')
INSERT INTO DONVE VALUES('DV00009')
INSERT INTO DONVE VALUES('DV00010')
GO

-- THÊM DỮ LIỆU VÉ ĐẶT
INSERT VEDAT (ID_LOAIVE, ID_GHE, ID_DONVE, ID_SUAT) VALUES ('NL','GS01A01','DV00001','SC00001')
INSERT VEDAT (ID_LOAIVE, ID_GHE, ID_DONVE, ID_SUAT) VALUES ('NL','GS01A02','DV00001','SC00001')
INSERT VEDAT (ID_LOAIVE, ID_GHE, ID_DONVE, ID_SUAT) VALUES ('NL','GS01B05','DV00002','SC00001')
INSERT VEDAT (ID_LOAIVE, ID_GHE, ID_DONVE, ID_SUAT) VALUES ('NL','GS01A03','DV00003','SC00002')
INSERT VEDAT (ID_LOAIVE, ID_GHE, ID_DONVE, ID_SUAT) VALUES ('NL','GS01A04','DV00003','SC00002')
INSERT VEDAT (ID_LOAIVE, ID_GHE, ID_DONVE, ID_SUAT) VALUES ('NL','GS01A05','DV00003','SC00002')
INSERT VEDAT (ID_LOAIVE, ID_GHE, ID_DONVE, ID_SUAT) VALUES ('NL','GS01B06','DV00004','SC00003')
INSERT VEDAT (ID_LOAIVE, ID_GHE, ID_DONVE, ID_SUAT) VALUES ('NL','GS01B07','DV00004','SC00003')
INSERT VEDAT (ID_LOAIVE, ID_GHE, ID_DONVE, ID_SUAT) VALUES ('NL','GS01C05','DV00005','SC00001')
INSERT VEDAT (ID_LOAIVE, ID_GHE, ID_DONVE, ID_SUAT) VALUES ('NL','GS01C06','DV00005','SC00001')
INSERT VEDAT (ID_LOAIVE, ID_GHE, ID_DONVE, ID_SUAT) VALUES ('NL','GS01C10','DV00006','SC00002')
INSERT VEDAT (ID_LOAIVE, ID_GHE, ID_DONVE, ID_SUAT) VALUES ('NL','GS01C11','DV00006','SC00002')
INSERT VEDAT (ID_LOAIVE, ID_GHE, ID_DONVE, ID_SUAT) VALUES ('NL','GS01C12','DV00006','SC00002')
INSERT VEDAT (ID_LOAIVE, ID_GHE, ID_DONVE, ID_SUAT) VALUES ('NL','GS01D01','DV00007','SC00005')
INSERT VEDAT (ID_LOAIVE, ID_GHE, ID_DONVE, ID_SUAT) VALUES ('NL','GS01D02','DV00007','SC00005')
INSERT VEDAT (ID_LOAIVE, ID_GHE, ID_DONVE, ID_SUAT) VALUES ('NL','GS01D03','DV00007','SC00005')
INSERT VEDAT (ID_LOAIVE, ID_GHE, ID_DONVE, ID_SUAT) VALUES ('TE','GS01D04','DV00007','SC00005')
INSERT VEDAT (ID_LOAIVE, ID_GHE, ID_DONVE, ID_SUAT) VALUES ('TE','GS01D10','DV00007','SC00005')
INSERT VEDAT (ID_LOAIVE, ID_GHE, ID_DONVE, ID_SUAT) VALUES ('NL','GS01D05','DV00008','SC00005')
INSERT VEDAT (ID_LOAIVE, ID_GHE, ID_DONVE, ID_SUAT) VALUES ('NL','GS01D06','DV00008','SC00005')
INSERT VEDAT (ID_LOAIVE, ID_GHE, ID_DONVE, ID_SUAT) VALUES ('TE','GS01D07','DV00008','SC00005')
INSERT VEDAT (ID_LOAIVE, ID_GHE, ID_DONVE, ID_SUAT) VALUES ('TE','GS01D08','DV00008','SC00005')
INSERT VEDAT (ID_LOAIVE, ID_GHE, ID_DONVE, ID_SUAT) VALUES ('NL','GS01D09','DV00009','SC00005')
INSERT VEDAT (ID_LOAIVE, ID_GHE, ID_DONVE, ID_SUAT) VALUES ('NL','GS02B08','DV00010','SC00005')



-- THÊM DỮ LIỆU BẢNG ĐƠN THANH TOÁN
INSERT DONTHANHTOAN (ID_DONDA, ID_TV, ID_NV, ID_DONVE, NGAYDAT, TONG) 
	VALUES('DA00001','TV00001','NV00001','DV00001','2021-03-16 10:00', 570)
INSERT DONTHANHTOAN (ID_DONDA, ID_TV, ID_NV, ID_DONVE, NGAYDAT, TONG) 
	VALUES('DA00002','TV00002','NV00001','DV00002','2021-03-16 11:00', 280)
INSERT DONTHANHTOAN (ID_DONDA, ID_TV, ID_NV, ID_DONVE, NGAYDAT, TONG) 
	VALUES('DA00003','TV00003','NV00003','DV00003','2021-03-17 16:30', 260)
INSERT DONTHANHTOAN (ID_DONDA, ID_TV, ID_NV, ID_DONVE, NGAYDAT, TONG) 
	VALUES('DA00004','TV00005','NV00005','DV00004','2021-03-17 12:00', 500)
INSERT DONTHANHTOAN (ID_DONDA, ID_TV, ID_NV, ID_DONVE, NGAYDAT, TONG) 
	VALUES('DA00005','TV00008','NV00002','DV00005','2021-03-17 08:30', 440)
INSERT DONTHANHTOAN (ID_DONDA, ID_TV, ID_NV, ID_DONVE, NGAYDAT, TONG) 
	VALUES('DA00006','TV00011','NV00001','DV00006','2021-03-18 07:00', 250)
INSERT DONTHANHTOAN (ID_DONDA, ID_TV, ID_NV, ID_DONVE, NGAYDAT, TONG) 
	VALUES('DA00007','TV00021','NV00012','DV00007','2021-03-18 14:30', 375)
INSERT DONTHANHTOAN (ID_DONDA, ID_TV, ID_NV, ID_DONVE, NGAYDAT, TONG) 
	VALUES('DA00008','TV00015','NV00012','DV00008','2021-03-19 10:00', 600)
INSERT DONTHANHTOAN (ID_DONDA, ID_TV, ID_NV, ID_DONVE, NGAYDAT, TONG) 
	VALUES('DA00009','TV00022','NV00011','DV00009','2021-03-19 11:00', 100)
INSERT DONTHANHTOAN (ID_DONDA, ID_TV, ID_NV, ID_DONVE, NGAYDAT, TONG) 
	VALUES('DA00010','TV00019','NV00015','DV00010','2021-03-19 17:00', 760)



